indice_tiempo,region_de_destino,origen_viajeros,viajeros,observaciones
2007-01,Buenos Aires,Residentes,401221,""
2007-01,Buenos Aires,No residentes,12889,""
2007-01,CABA,Residentes,139181,""
2007-01,CABA,No residentes,196750,""
2007-01,Córdoba,Residentes,255307,""
2007-01,Córdoba,No residentes,6298,""
2007-01,Cuyo,Residentes,125410,""
2007-01,Cuyo,No residentes,32889,""
2007-01,Litoral,Residentes,278527,""
2007-01,Litoral,No residentes,25389,""
2007-01,Norte,Residentes,166205,""
2007-01,Norte,No residentes,20994,""
2007-01,Patagonia,Residentes,313648,""
2007-01,Patagonia,No residentes,168992,""
2007-02,Buenos Aires,Residentes,352906,""
2007-02,Buenos Aires,No residentes,11313,""
2007-02,CABA,Residentes,151878,""
2007-02,CABA,No residentes,199063,""
2007-02,Córdoba,Residentes,216460,""
2007-02,Córdoba,No residentes,7768,""
2007-02,Cuyo,Residentes,126273,""
2007-02,Cuyo,No residentes,37394,""
2007-02,Litoral,Residentes,254121,""
2007-02,Litoral,No residentes,26451,""
2007-02,Norte,Residentes,130007,""
2007-02,Norte,No residentes,20723,""
2007-02,Patagonia,Residentes,261727,""
2007-02,Patagonia,No residentes,177164,""
2007-03,Buenos Aires,Residentes,254673,""
2007-03,Buenos Aires,No residentes,6533,""
2007-03,CABA,Residentes,184589,""
2007-03,CABA,No residentes,229160,""
2007-03,Córdoba,Residentes,147631,""
2007-03,Córdoba,No residentes,7278,""
2007-03,Cuyo,Residentes,127375,""
2007-03,Cuyo,No residentes,33596,""
2007-03,Litoral,Residentes,233369,""
2007-03,Litoral,No residentes,23161,""
2007-03,Norte,Residentes,123730,""
2007-03,Norte,No residentes,18978,""
2007-03,Patagonia,Residentes,214245,""
2007-03,Patagonia,No residentes,110348,""
2007-04,Buenos Aires,Residentes,195221,""
2007-04,Buenos Aires,No residentes,2954,""
2007-04,CABA,Residentes,172644,""
2007-04,CABA,No residentes,214612,""
2007-04,Córdoba,Residentes,137221,""
2007-04,Córdoba,No residentes,5521,""
2007-04,Cuyo,Residentes,127104,""
2007-04,Cuyo,No residentes,33092,""
2007-04,Litoral,Residentes,231070,""
2007-04,Litoral,No residentes,24403,""
2007-04,Norte,Residentes,151608,""
2007-04,Norte,No residentes,21375,""
2007-04,Patagonia,Residentes,170069,""
2007-04,Patagonia,No residentes,57654,""
2007-05,Buenos Aires,Residentes,113515,""
2007-05,Buenos Aires,No residentes,2050,""
2007-05,CABA,Residentes,182621,""
2007-05,CABA,No residentes,181224,""
2007-05,Córdoba,Residentes,122749,""
2007-05,Córdoba,No residentes,6219,""
2007-05,Cuyo,Residentes,106244,""
2007-05,Cuyo,No residentes,16971,""
2007-05,Litoral,Residentes,230164,""
2007-05,Litoral,No residentes,18555,""
2007-05,Norte,Residentes,132915,""
2007-05,Norte,No residentes,12411,""
2007-05,Patagonia,Residentes,129613,""
2007-05,Patagonia,No residentes,30316,""
2007-06,Buenos Aires,Residentes,95598,""
2007-06,Buenos Aires,No residentes,2156,""
2007-06,CABA,Residentes,175534,""
2007-06,CABA,No residentes,174682,""
2007-06,Córdoba,Residentes,117324,""
2007-06,Córdoba,No residentes,6979,""
2007-06,Cuyo,Residentes,97173,""
2007-06,Cuyo,No residentes,9476,""
2007-06,Litoral,Residentes,225931,""
2007-06,Litoral,No residentes,20149,""
2007-06,Norte,Residentes,138381,""
2007-06,Norte,No residentes,11279,""
2007-06,Patagonia,Residentes,136447,""
2007-06,Patagonia,No residentes,31940,""
2007-07,Buenos Aires,Residentes,138883,""
2007-07,Buenos Aires,No residentes,1599,""
2007-07,CABA,Residentes,202931,""
2007-07,CABA,No residentes,210177,""
2007-07,Córdoba,Residentes,187779,""
2007-07,Córdoba,No residentes,6484,""
2007-07,Cuyo,Residentes,173358,""
2007-07,Cuyo,No residentes,17719,""
2007-07,Litoral,Residentes,283713,""
2007-07,Litoral,No residentes,23604,""
2007-07,Norte,Residentes,276098,""
2007-07,Norte,No residentes,18478,""
2007-07,Patagonia,Residentes,186972,""
2007-07,Patagonia,No residentes,82701,""
2007-08,Buenos Aires,Residentes,139312,""
2007-08,Buenos Aires,No residentes,2265,""
2007-08,CABA,Residentes,194217,""
2007-08,CABA,No residentes,195435,""
2007-08,Córdoba,Residentes,137631,""
2007-08,Córdoba,No residentes,6369,""
2007-08,Cuyo,Residentes,135569,""
2007-08,Cuyo,No residentes,15327,""
2007-08,Litoral,Residentes,267759,""
2007-08,Litoral,No residentes,23428,""
2007-08,Norte,Residentes,205437,""
2007-08,Norte,No residentes,23536,""
2007-08,Patagonia,Residentes,184586,""
2007-08,Patagonia,No residentes,69027,""
2007-09,Buenos Aires,Residentes,142212,""
2007-09,Buenos Aires,No residentes,1830,""
2007-09,CABA,Residentes,188238,""
2007-09,CABA,No residentes,207740,""
2007-09,Córdoba,Residentes,140383,""
2007-09,Córdoba,No residentes,7486,""
2007-09,Cuyo,Residentes,128852,""
2007-09,Cuyo,No residentes,17127,""
2007-09,Litoral,Residentes,240560,""
2007-09,Litoral,No residentes,24841,""
2007-09,Norte,Residentes,163011,""
2007-09,Norte,No residentes,16568,""
2007-09,Patagonia,Residentes,186883,""
2007-09,Patagonia,No residentes,74992,""
2007-10,Buenos Aires,Residentes,181590,""
2007-10,Buenos Aires,No residentes,3156,""
2007-10,CABA,Residentes,197754,""
2007-10,CABA,No residentes,225491,""
2007-10,Córdoba,Residentes,141321,""
2007-10,Córdoba,No residentes,8695,""
2007-10,Cuyo,Residentes,109238,""
2007-10,Cuyo,No residentes,21418,""
2007-10,Litoral,Residentes,256055,""
2007-10,Litoral,No residentes,27187,""
2007-10,Norte,Residentes,142024,""
2007-10,Norte,No residentes,19451,""
2007-10,Patagonia,Residentes,169527,""
2007-10,Patagonia,No residentes,118487,""
2007-11,Buenos Aires,Residentes,213684,""
2007-11,Buenos Aires,No residentes,4178,""
2007-11,CABA,Residentes,199527,""
2007-11,CABA,No residentes,241363,""
2007-11,Córdoba,Residentes,134869,""
2007-11,Córdoba,No residentes,7709,""
2007-11,Cuyo,Residentes,109521,""
2007-11,Cuyo,No residentes,27537,""
2007-11,Litoral,Residentes,247052,""
2007-11,Litoral,No residentes,32900,""
2007-11,Norte,Residentes,123383,""
2007-11,Norte,No residentes,23635,""
2007-11,Patagonia,Residentes,152845,""
2007-11,Patagonia,No residentes,184798,""
2007-12,Buenos Aires,Residentes,251183,""
2007-12,Buenos Aires,No residentes,7138,""
2007-12,CABA,Residentes,169924,""
2007-12,CABA,No residentes,228093,""
2007-12,Córdoba,Residentes,149742,""
2007-12,Córdoba,No residentes,6292,""
2007-12,Cuyo,Residentes,94932,""
2007-12,Cuyo,No residentes,21055,""
2007-12,Litoral,Residentes,227598,""
2007-12,Litoral,No residentes,27219,""
2007-12,Norte,Residentes,100811,""
2007-12,Norte,No residentes,18220,""
2007-12,Patagonia,Residentes,163773,""
2007-12,Patagonia,No residentes,154152,""
2008-01,Buenos Aires,Residentes,376066,""
2008-01,Buenos Aires,No residentes,9997,""
2008-01,CABA,Residentes,128400,""
2008-01,CABA,No residentes,215918,""
2008-01,Córdoba,Residentes,286567,""
2008-01,Córdoba,No residentes,9424,""
2008-01,Cuyo,Residentes,155776,""
2008-01,Cuyo,No residentes,29810,""
2008-01,Litoral,Residentes,300450,""
2008-01,Litoral,No residentes,45939,""
2008-01,Norte,Residentes,159342,""
2008-01,Norte,No residentes,20194,""
2008-01,Patagonia,Residentes,290864,""
2008-01,Patagonia,No residentes,189865,""
2008-02,Buenos Aires,Residentes,339283,""
2008-02,Buenos Aires,No residentes,6090,""
2008-02,CABA,Residentes,143088,""
2008-02,CABA,No residentes,208344,""
2008-02,Córdoba,Residentes,270797,""
2008-02,Córdoba,No residentes,8286,""
2008-02,Cuyo,Residentes,152292,""
2008-02,Cuyo,No residentes,38482,""
2008-02,Litoral,Residentes,234940,""
2008-02,Litoral,No residentes,33085,""
2008-02,Norte,Residentes,138986,""
2008-02,Norte,No residentes,19536,""
2008-02,Patagonia,Residentes,245263,""
2008-02,Patagonia,No residentes,159330,""
2008-03,Buenos Aires,Residentes,271739,""
2008-03,Buenos Aires,No residentes,4203,""
2008-03,CABA,Residentes,166656,""
2008-03,CABA,No residentes,229255,""
2008-03,Córdoba,Residentes,218557,""
2008-03,Córdoba,No residentes,8505,""
2008-03,Cuyo,Residentes,165571,""
2008-03,Cuyo,No residentes,30190,""
2008-03,Litoral,Residentes,232922,""
2008-03,Litoral,No residentes,31295,""
2008-03,Norte,Residentes,141144,""
2008-03,Norte,No residentes,19051,""
2008-03,Patagonia,Residentes,209302,""
2008-03,Patagonia,No residentes,126279,""
2008-04,Buenos Aires,Residentes,140342,""
2008-04,Buenos Aires,No residentes,2892,""
2008-04,CABA,Residentes,166738,""
2008-04,CABA,No residentes,193946,""
2008-04,Córdoba,Residentes,137514,""
2008-04,Córdoba,No residentes,7373,""
2008-04,Cuyo,Residentes,118704,""
2008-04,Cuyo,No residentes,23898,""
2008-04,Litoral,Residentes,195441,""
2008-04,Litoral,No residentes,25882,""
2008-04,Norte,Residentes,116397,""
2008-04,Norte,No residentes,16220,""
2008-04,Patagonia,Residentes,150522,""
2008-04,Patagonia,No residentes,59128,""
2008-05,Buenos Aires,Residentes,108468,""
2008-05,Buenos Aires,No residentes,1682,""
2008-05,CABA,Residentes,174546,""
2008-05,CABA,No residentes,196142,""
2008-05,Córdoba,Residentes,127957,""
2008-05,Córdoba,No residentes,6159,""
2008-05,Cuyo,Residentes,124314,""
2008-05,Cuyo,No residentes,21735,""
2008-05,Litoral,Residentes,197979,""
2008-05,Litoral,No residentes,21601,""
2008-05,Norte,Residentes,132479,""
2008-05,Norte,No residentes,13492,""
2008-05,Patagonia,Residentes,112670,""
2008-05,Patagonia,No residentes,27782,""
2008-06,Buenos Aires,Residentes,96399,""
2008-06,Buenos Aires,No residentes,1433,""
2008-06,CABA,Residentes,159513,""
2008-06,CABA,No residentes,173866,""
2008-06,Córdoba,Residentes,95248,""
2008-06,Córdoba,No residentes,5007,""
2008-06,Cuyo,Residentes,89190,""
2008-06,Cuyo,No residentes,13607,""
2008-06,Litoral,Residentes,180201,""
2008-06,Litoral,No residentes,18470,""
2008-06,Norte,Residentes,116304,""
2008-06,Norte,No residentes,10683,""
2008-06,Patagonia,Residentes,111036,""
2008-06,Patagonia,No residentes,30570,""
2008-07,Buenos Aires,Residentes,131295,""
2008-07,Buenos Aires,No residentes,1784,""
2008-07,CABA,Residentes,191662,""
2008-07,CABA,No residentes,218725,""
2008-07,Córdoba,Residentes,176526,""
2008-07,Córdoba,No residentes,5729,""
2008-07,Cuyo,Residentes,153108,""
2008-07,Cuyo,No residentes,23414,""
2008-07,Litoral,Residentes,226121,""
2008-07,Litoral,No residentes,23666,""
2008-07,Norte,Residentes,233290,""
2008-07,Norte,No residentes,18259,""
2008-07,Patagonia,Residentes,178898,""
2008-07,Patagonia,No residentes,70780,""
2008-08,Buenos Aires,Residentes,156651,""
2008-08,Buenos Aires,No residentes,2226,""
2008-08,CABA,Residentes,190241,""
2008-08,CABA,No residentes,203058,""
2008-08,Córdoba,Residentes,156230,""
2008-08,Córdoba,No residentes,5793,""
2008-08,Cuyo,Residentes,159127,""
2008-08,Cuyo,No residentes,19025,""
2008-08,Litoral,Residentes,234017,""
2008-08,Litoral,No residentes,30970,""
2008-08,Norte,Residentes,194154,""
2008-08,Norte,No residentes,15682,""
2008-08,Patagonia,Residentes,207851,""
2008-08,Patagonia,No residentes,57516,""
2008-09,Buenos Aires,Residentes,132228,""
2008-09,Buenos Aires,No residentes,3211,""
2008-09,CABA,Residentes,173377,""
2008-09,CABA,No residentes,190407,""
2008-09,Córdoba,Residentes,146590,""
2008-09,Córdoba,No residentes,5951,""
2008-09,Cuyo,Residentes,138963,""
2008-09,Cuyo,No residentes,21613,""
2008-09,Litoral,Residentes,229440,""
2008-09,Litoral,No residentes,22370,""
2008-09,Norte,Residentes,169510,""
2008-09,Norte,No residentes,15614,""
2008-09,Patagonia,Residentes,197065,""
2008-09,Patagonia,No residentes,64411,""
2008-10,Buenos Aires,Residentes,168670,""
2008-10,Buenos Aires,No residentes,3426,""
2008-10,CABA,Residentes,174785,""
2008-10,CABA,No residentes,199537,""
2008-10,Córdoba,Residentes,165537,""
2008-10,Córdoba,No residentes,5620,""
2008-10,Cuyo,Residentes,154210,""
2008-10,Cuyo,No residentes,23062,""
2008-10,Litoral,Residentes,238387,""
2008-10,Litoral,No residentes,37376,""
2008-10,Norte,Residentes,139650,""
2008-10,Norte,No residentes,18137,""
2008-10,Patagonia,Residentes,177634,""
2008-10,Patagonia,No residentes,83843,""
2008-11,Buenos Aires,Residentes,209134,""
2008-11,Buenos Aires,No residentes,4100,""
2008-11,CABA,Residentes,166052,""
2008-11,CABA,No residentes,207704,""
2008-11,Córdoba,Residentes,158920,""
2008-11,Córdoba,No residentes,6267,""
2008-11,Cuyo,Residentes,130025,""
2008-11,Cuyo,No residentes,17366,""
2008-11,Litoral,Residentes,216948,""
2008-11,Litoral,No residentes,27153,""
2008-11,Norte,Residentes,106867,""
2008-11,Norte,No residentes,24378,""
2008-11,Patagonia,Residentes,148378,""
2008-11,Patagonia,No residentes,126652,""
2008-12,Buenos Aires,Residentes,232682,""
2008-12,Buenos Aires,No residentes,4300,""
2008-12,CABA,Residentes,138139,""
2008-12,CABA,No residentes,196421,""
2008-12,Córdoba,Residentes,153492,""
2008-12,Córdoba,No residentes,5166,""
2008-12,Cuyo,Residentes,100032,""
2008-12,Cuyo,No residentes,34204,""
2008-12,Litoral,Residentes,196393,""
2008-12,Litoral,No residentes,27722,""
2008-12,Norte,Residentes,92197,""
2008-12,Norte,No residentes,19107,""
2008-12,Patagonia,Residentes,149571,""
2008-12,Patagonia,No residentes,116715,""
2009-01,Buenos Aires,Residentes,358656,""
2009-01,Buenos Aires,No residentes,5300,""
2009-01,CABA,Residentes,112083,""
2009-01,CABA,No residentes,181222,""
2009-01,Córdoba,Residentes,314423,""
2009-01,Córdoba,No residentes,9002,""
2009-01,Cuyo,Residentes,148172,""
2009-01,Cuyo,No residentes,30960,""
2009-01,Litoral,Residentes,241837,""
2009-01,Litoral,No residentes,29121,""
2009-01,Norte,Residentes,131038,""
2009-01,Norte,No residentes,24114,""
2009-01,Patagonia,Residentes,292552,""
2009-01,Patagonia,No residentes,144151,""
2009-02,Buenos Aires,Residentes,324211,""
2009-02,Buenos Aires,No residentes,4617,""
2009-02,CABA,Residentes,115751,""
2009-02,CABA,No residentes,168241,""
2009-02,Córdoba,Residentes,279590,""
2009-02,Córdoba,No residentes,7300,""
2009-02,Cuyo,Residentes,137694,""
2009-02,Cuyo,No residentes,26587,""
2009-02,Litoral,Residentes,232908,""
2009-02,Litoral,No residentes,28317,""
2009-02,Norte,Residentes,114264,""
2009-02,Norte,No residentes,22962,""
2009-02,Patagonia,Residentes,216270,""
2009-02,Patagonia,No residentes,122653,""
2009-03,Buenos Aires,Residentes,184582,""
2009-03,Buenos Aires,No residentes,2558,""
2009-03,CABA,Residentes,143100,""
2009-03,CABA,No residentes,173760,""
2009-03,Córdoba,Residentes,171043,""
2009-03,Córdoba,No residentes,7524,""
2009-03,Cuyo,Residentes,141720,""
2009-03,Cuyo,No residentes,26521,""
2009-03,Litoral,Residentes,223024,""
2009-03,Litoral,No residentes,21741,""
2009-03,Norte,Residentes,104241,""
2009-03,Norte,No residentes,22406,""
2009-03,Patagonia,Residentes,152433,""
2009-03,Patagonia,No residentes,87218,""
2009-04,Buenos Aires,Residentes,154685,""
2009-04,Buenos Aires,No residentes,1805,""
2009-04,CABA,Residentes,143539,""
2009-04,CABA,No residentes,178616,""
2009-04,Córdoba,Residentes,165615,""
2009-04,Córdoba,No residentes,7072,""
2009-04,Cuyo,Residentes,126983,""
2009-04,Cuyo,No residentes,24379,""
2009-04,Litoral,Residentes,215548,""
2009-04,Litoral,No residentes,22578,""
2009-04,Norte,Residentes,103064,""
2009-04,Norte,No residentes,20657,""
2009-04,Patagonia,Residentes,138661,""
2009-04,Patagonia,No residentes,52402,""
2009-05,Buenos Aires,Residentes,112325,""
2009-05,Buenos Aires,No residentes,934,""
2009-05,CABA,Residentes,151089,""
2009-05,CABA,No residentes,152871,""
2009-05,Córdoba,Residentes,132763,""
2009-05,Córdoba,No residentes,7019,""
2009-05,Cuyo,Residentes,117729,""
2009-05,Cuyo,No residentes,20586,""
2009-05,Litoral,Residentes,208224,""
2009-05,Litoral,No residentes,17337,""
2009-05,Norte,Residentes,109330,""
2009-05,Norte,No residentes,16200,""
2009-05,Patagonia,Residentes,109298,""
2009-05,Patagonia,No residentes,27824,""
2009-06,Buenos Aires,Residentes,70950,""
2009-06,Buenos Aires,No residentes,794,""
2009-06,CABA,Residentes,138333,""
2009-06,CABA,No residentes,145327,""
2009-06,Córdoba,Residentes,114581,""
2009-06,Córdoba,No residentes,6783,""
2009-06,Cuyo,Residentes,89713,""
2009-06,Cuyo,No residentes,11818,""
2009-06,Litoral,Residentes,194968,""
2009-06,Litoral,No residentes,14141,""
2009-06,Norte,Residentes,103852,""
2009-06,Norte,No residentes,12417,""
2009-06,Patagonia,Residentes,109354,""
2009-06,Patagonia,No residentes,28587,""
2009-07,Buenos Aires,Residentes,101182,""
2009-07,Buenos Aires,No residentes,698,""
2009-07,CABA,Residentes,117798,""
2009-07,CABA,No residentes,104958,""
2009-07,Córdoba,Residentes,159942,""
2009-07,Córdoba,No residentes,6791,""
2009-07,Cuyo,Residentes,145986,""
2009-07,Cuyo,No residentes,21024,""
2009-07,Litoral,Residentes,194358,""
2009-07,Litoral,No residentes,12188,""
2009-07,Norte,Residentes,176857,""
2009-07,Norte,No residentes,20544,""
2009-07,Patagonia,Residentes,176710,""
2009-07,Patagonia,No residentes,45603,""
2009-08,Buenos Aires,Residentes,104525,""
2009-08,Buenos Aires,No residentes,1060,""
2009-08,CABA,Residentes,151747,""
2009-08,CABA,No residentes,118768,""
2009-08,Córdoba,Residentes,147123,""
2009-08,Córdoba,No residentes,7138,""
2009-08,Cuyo,Residentes,126109,""
2009-08,Cuyo,No residentes,20857,""
2009-08,Litoral,Residentes,201225,""
2009-08,Litoral,No residentes,17146,""
2009-08,Norte,Residentes,145015,""
2009-08,Norte,No residentes,19312,""
2009-08,Patagonia,Residentes,177119,""
2009-08,Patagonia,No residentes,44675,""
2009-09,Buenos Aires,Residentes,124591,""
2009-09,Buenos Aires,No residentes,1657,""
2009-09,CABA,Residentes,165865,""
2009-09,CABA,No residentes,147781,""
2009-09,Córdoba,Residentes,141295,""
2009-09,Córdoba,No residentes,7092,""
2009-09,Cuyo,Residentes,117439,""
2009-09,Cuyo,No residentes,20541,""
2009-09,Litoral,Residentes,196647,""
2009-09,Litoral,No residentes,19150,""
2009-09,Norte,Residentes,147894,""
2009-09,Norte,No residentes,15432,""
2009-09,Patagonia,Residentes,182228,""
2009-09,Patagonia,No residentes,55729,""
2009-10,Buenos Aires,Residentes,164787,""
2009-10,Buenos Aires,No residentes,1141,""
2009-10,CABA,Residentes,184563,""
2009-10,CABA,No residentes,196414,""
2009-10,Córdoba,Residentes,176795,""
2009-10,Córdoba,No residentes,8664,""
2009-10,Cuyo,Residentes,146972,""
2009-10,Cuyo,No residentes,28208,""
2009-10,Litoral,Residentes,247847,""
2009-10,Litoral,No residentes,25846,""
2009-10,Norte,Residentes,141196,""
2009-10,Norte,No residentes,23727,""
2009-10,Patagonia,Residentes,164711,""
2009-10,Patagonia,No residentes,88174,""
2009-11,Buenos Aires,Residentes,181907,""
2009-11,Buenos Aires,No residentes,2102,""
2009-11,CABA,Residentes,179136,""
2009-11,CABA,No residentes,219504,""
2009-11,Córdoba,Residentes,160766,""
2009-11,Córdoba,No residentes,8195,""
2009-11,Cuyo,Residentes,124144,""
2009-11,Cuyo,No residentes,27533,""
2009-11,Litoral,Residentes,230809,""
2009-11,Litoral,No residentes,26777,""
2009-11,Norte,Residentes,104900,""
2009-11,Norte,No residentes,30101,""
2009-11,Patagonia,Residentes,156715,""
2009-11,Patagonia,No residentes,137040,""
2009-12,Buenos Aires,Residentes,187897,""
2009-12,Buenos Aires,No residentes,3113,""
2009-12,CABA,Residentes,157458,""
2009-12,CABA,No residentes,200162,""
2009-12,Córdoba,Residentes,169441,""
2009-12,Córdoba,No residentes,7779,""
2009-12,Cuyo,Residentes,114891,""
2009-12,Cuyo,No residentes,29331,""
2009-12,Litoral,Residentes,192321,""
2009-12,Litoral,No residentes,25188,""
2009-12,Norte,Residentes,89938,""
2009-12,Norte,No residentes,22446,""
2009-12,Patagonia,Residentes,159125,""
2009-12,Patagonia,No residentes,139829,""
2010-01,Buenos Aires,Residentes,366979,""
2010-01,Buenos Aires,No residentes,5535,""
2010-01,CABA,Residentes,130154,""
2010-01,CABA,No residentes,201997,""
2010-01,Córdoba,Residentes,260651,""
2010-01,Córdoba,No residentes,9420,""
2010-01,Cuyo,Residentes,161316,""
2010-01,Cuyo,No residentes,28698,""
2010-01,Litoral,Residentes,236559,""
2010-01,Litoral,No residentes,34182,""
2010-01,Norte,Residentes,167413,""
2010-01,Norte,No residentes,26371,""
2010-01,Patagonia,Residentes,325794,""
2010-01,Patagonia,No residentes,165908,""
2010-02,Buenos Aires,Residentes,324754,""
2010-02,Buenos Aires,No residentes,3653,""
2010-02,CABA,Residentes,130894,""
2010-02,CABA,No residentes,196744,""
2010-02,Córdoba,Residentes,222838,""
2010-02,Córdoba,No residentes,6734,""
2010-02,Cuyo,Residentes,144106,""
2010-02,Cuyo,No residentes,35810,""
2010-02,Litoral,Residentes,218694,""
2010-02,Litoral,No residentes,34370,""
2010-02,Norte,Residentes,125128,""
2010-02,Norte,No residentes,25458,""
2010-02,Patagonia,Residentes,242816,""
2010-02,Patagonia,No residentes,163528,""
2010-03,Buenos Aires,Residentes,222735,""
2010-03,Buenos Aires,No residentes,1872,""
2010-03,CABA,Residentes,160174,""
2010-03,CABA,No residentes,202931,""
2010-03,Córdoba,Residentes,166838,""
2010-03,Córdoba,No residentes,6698,""
2010-03,Cuyo,Residentes,130416,""
2010-03,Cuyo,No residentes,29392,""
2010-03,Litoral,Residentes,209518,""
2010-03,Litoral,No residentes,30691,""
2010-03,Norte,Residentes,111412,""
2010-03,Norte,No residentes,32156,""
2010-03,Patagonia,Residentes,177047,""
2010-03,Patagonia,No residentes,103929,""
2010-04,Buenos Aires,Residentes,174378,""
2010-04,Buenos Aires,No residentes,2183,""
2010-04,CABA,Residentes,165320,""
2010-04,CABA,No residentes,195501,""
2010-04,Córdoba,Residentes,152126,""
2010-04,Córdoba,No residentes,5350,""
2010-04,Cuyo,Residentes,128131,""
2010-04,Cuyo,No residentes,26567,""
2010-04,Litoral,Residentes,200465,""
2010-04,Litoral,No residentes,27095,""
2010-04,Norte,Residentes,130317,""
2010-04,Norte,No residentes,21522,""
2010-04,Patagonia,Residentes,147794,""
2010-04,Patagonia,No residentes,53287,""
2010-05,Buenos Aires,Residentes,114509,""
2010-05,Buenos Aires,No residentes,1976,""
2010-05,CABA,Residentes,173075,""
2010-05,CABA,No residentes,178949,""
2010-05,Córdoba,Residentes,143694,""
2010-05,Córdoba,No residentes,4916,""
2010-05,Cuyo,Residentes,128159,""
2010-05,Cuyo,No residentes,23566,""
2010-05,Litoral,Residentes,205533,""
2010-05,Litoral,No residentes,23484,""
2010-05,Norte,Residentes,143205,""
2010-05,Norte,No residentes,15426,""
2010-05,Patagonia,Residentes,119440,""
2010-05,Patagonia,No residentes,34560,""
2010-06,Buenos Aires,Residentes,78866,""
2010-06,Buenos Aires,No residentes,1633,""
2010-06,CABA,Residentes,174675,""
2010-06,CABA,No residentes,204171,""
2010-06,Córdoba,Residentes,123437,""
2010-06,Córdoba,No residentes,5333,""
2010-06,Cuyo,Residentes,103769,""
2010-06,Cuyo,No residentes,16987,""
2010-06,Litoral,Residentes,195392,""
2010-06,Litoral,No residentes,24414,""
2010-06,Norte,Residentes,124060,""
2010-06,Norte,No residentes,12991,""
2010-06,Patagonia,Residentes,106124,""
2010-06,Patagonia,No residentes,33711,""
2010-07,Buenos Aires,Residentes,135419,""
2010-07,Buenos Aires,No residentes,1430,""
2010-07,CABA,Residentes,200085,""
2010-07,CABA,No residentes,239288,""
2010-07,Córdoba,Residentes,210289,""
2010-07,Córdoba,No residentes,7946,""
2010-07,Cuyo,Residentes,178777,""
2010-07,Cuyo,No residentes,27443,""
2010-07,Litoral,Residentes,238963,""
2010-07,Litoral,No residentes,25364,""
2010-07,Norte,Residentes,231409,""
2010-07,Norte,No residentes,18232,""
2010-07,Patagonia,Residentes,190452,""
2010-07,Patagonia,No residentes,87804,""
2010-08,Buenos Aires,Residentes,115453,""
2010-08,Buenos Aires,No residentes,1933,""
2010-08,CABA,Residentes,181249,""
2010-08,CABA,No residentes,214098,""
2010-08,Córdoba,Residentes,158916,""
2010-08,Córdoba,No residentes,5681,""
2010-08,Cuyo,Residentes,143915,""
2010-08,Cuyo,No residentes,22078,""
2010-08,Litoral,Residentes,223580,""
2010-08,Litoral,No residentes,25399,""
2010-08,Norte,Residentes,168727,""
2010-08,Norte,No residentes,22063,""
2010-08,Patagonia,Residentes,184375,""
2010-08,Patagonia,No residentes,65407,""
2010-09,Buenos Aires,Residentes,120037,""
2010-09,Buenos Aires,No residentes,1796,""
2010-09,CABA,Residentes,183429,""
2010-09,CABA,No residentes,226145,""
2010-09,Córdoba,Residentes,155668,""
2010-09,Córdoba,No residentes,6526,""
2010-09,Cuyo,Residentes,132027,""
2010-09,Cuyo,No residentes,25259,""
2010-09,Litoral,Residentes,219535,""
2010-09,Litoral,No residentes,26191,""
2010-09,Norte,Residentes,160795,""
2010-09,Norte,No residentes,17869,""
2010-09,Patagonia,Residentes,198341,""
2010-09,Patagonia,No residentes,67603,""
2010-10,Buenos Aires,Residentes,190725,""
2010-10,Buenos Aires,No residentes,3178,""
2010-10,CABA,Residentes,187568,""
2010-10,CABA,No residentes,252785,""
2010-10,Córdoba,Residentes,175284,""
2010-10,Córdoba,No residentes,8939,""
2010-10,Cuyo,Residentes,139444,""
2010-10,Cuyo,No residentes,31411,""
2010-10,Litoral,Residentes,225455,""
2010-10,Litoral,No residentes,32175,""
2010-10,Norte,Residentes,157092,""
2010-10,Norte,No residentes,27639,""
2010-10,Patagonia,Residentes,177820,""
2010-10,Patagonia,No residentes,84075,""
2010-11,Buenos Aires,Residentes,195985,""
2010-11,Buenos Aires,No residentes,2312,""
2010-11,CABA,Residentes,199920,""
2010-11,CABA,No residentes,253613,""
2010-11,Córdoba,Residentes,158046,""
2010-11,Córdoba,No residentes,7936,""
2010-11,Cuyo,Residentes,122985,""
2010-11,Cuyo,No residentes,28510,""
2010-11,Litoral,Residentes,211323,""
2010-11,Litoral,No residentes,35504,""
2010-11,Norte,Residentes,127775,""
2010-11,Norte,No residentes,35119,""
2010-11,Patagonia,Residentes,169394,""
2010-11,Patagonia,No residentes,135324,""
2010-12,Buenos Aires,Residentes,204127,""
2010-12,Buenos Aires,No residentes,3988,""
2010-12,CABA,Residentes,165922,""
2010-12,CABA,No residentes,236793,""
2010-12,Córdoba,Residentes,150581,""
2010-12,Córdoba,No residentes,7297,""
2010-12,Cuyo,Residentes,100314,""
2010-12,Cuyo,No residentes,28001,""
2010-12,Litoral,Residentes,198804,""
2010-12,Litoral,No residentes,34664,""
2010-12,Norte,Residentes,101460,""
2010-12,Norte,No residentes,22854,""
2010-12,Patagonia,Residentes,170267,""
2010-12,Patagonia,No residentes,133027,""
2011-01,Buenos Aires,Residentes,364676,""
2011-01,Buenos Aires,No residentes,9546,""
2011-01,CABA,Residentes,140122,""
2011-01,CABA,No residentes,237699,""
2011-01,Córdoba,Residentes,274317,""
2011-01,Córdoba,No residentes,7433,""
2011-01,Cuyo,Residentes,160244,""
2011-01,Cuyo,No residentes,39882,""
2011-01,Litoral,Residentes,241461,""
2011-01,Litoral,No residentes,38945,""
2011-01,Norte,Residentes,174508,""
2011-01,Norte,No residentes,29604,""
2011-01,Patagonia,Residentes,317620,""
2011-01,Patagonia,No residentes,161255,""
2011-02,Buenos Aires,Residentes,313342,""
2011-02,Buenos Aires,No residentes,4732,""
2011-02,CABA,Residentes,143836,""
2011-02,CABA,No residentes,200660,""
2011-02,Córdoba,Residentes,224121,""
2011-02,Córdoba,No residentes,6834,""
2011-02,Cuyo,Residentes,137585,""
2011-02,Cuyo,No residentes,38883,""
2011-02,Litoral,Residentes,250674,""
2011-02,Litoral,No residentes,34357,""
2011-02,Norte,Residentes,136833,""
2011-02,Norte,No residentes,27812,""
2011-02,Patagonia,Residentes,210481,""
2011-02,Patagonia,No residentes,150112,""
2011-03,Buenos Aires,Residentes,243301,""
2011-03,Buenos Aires,No residentes,2891,""
2011-03,CABA,Residentes,176734,""
2011-03,CABA,No residentes,243755,""
2011-03,Córdoba,Residentes,178084,""
2011-03,Córdoba,No residentes,7245,""
2011-03,Cuyo,Residentes,154443,""
2011-03,Cuyo,No residentes,32288,""
2011-03,Litoral,Residentes,234538,""
2011-03,Litoral,No residentes,30865,""
2011-03,Norte,Residentes,163613,""
2011-03,Norte,No residentes,32209,""
2011-03,Patagonia,Residentes,181220,""
2011-03,Patagonia,No residentes,106630,""
2011-04,Buenos Aires,Residentes,151655,""
2011-04,Buenos Aires,No residentes,1888,""
2011-04,CABA,Residentes,182307,""
2011-04,CABA,No residentes,235047,""
2011-04,Córdoba,Residentes,145684,""
2011-04,Córdoba,No residentes,7423,""
2011-04,Cuyo,Residentes,136578,""
2011-04,Cuyo,No residentes,29105,""
2011-04,Litoral,Residentes,228579,""
2011-04,Litoral,No residentes,27129,""
2011-04,Norte,Residentes,145555,""
2011-04,Norte,No residentes,29406,""
2011-04,Patagonia,Residentes,147575,""
2011-04,Patagonia,No residentes,51277,""
2011-05,Buenos Aires,Residentes,112165,""
2011-05,Buenos Aires,No residentes,2071,""
2011-05,CABA,Residentes,180531,""
2011-05,CABA,No residentes,198023,""
2011-05,Córdoba,Residentes,132321,""
2011-05,Córdoba,No residentes,7656,""
2011-05,Cuyo,Residentes,129018,""
2011-05,Cuyo,No residentes,25201,""
2011-05,Litoral,Residentes,217151,""
2011-05,Litoral,No residentes,19689,""
2011-05,Norte,Residentes,147141,""
2011-05,Norte,No residentes,20451,""
2011-05,Patagonia,Residentes,118427,""
2011-05,Patagonia,No residentes,28284,""
2011-06,Buenos Aires,Residentes,92312,""
2011-06,Buenos Aires,No residentes,1525,""
2011-06,CABA,Residentes,185654,""
2011-06,CABA,No residentes,192627,""
2011-06,Córdoba,Residentes,124322,""
2011-06,Córdoba,No residentes,8278,""
2011-06,Cuyo,Residentes,119639,""
2011-06,Cuyo,No residentes,20553,""
2011-06,Litoral,Residentes,221973,""
2011-06,Litoral,No residentes,19119,""
2011-06,Norte,Residentes,146941,""
2011-06,Norte,No residentes,13782,""
2011-06,Patagonia,Residentes,86585,""
2011-06,Patagonia,No residentes,12278,""
2011-07,Buenos Aires,Residentes,143233,""
2011-07,Buenos Aires,No residentes,1697,""
2011-07,CABA,Residentes,226303,""
2011-07,CABA,No residentes,258861,""
2011-07,Córdoba,Residentes,207907,""
2011-07,Córdoba,No residentes,9667,""
2011-07,Cuyo,Residentes,175453,""
2011-07,Cuyo,No residentes,49585,""
2011-07,Litoral,Residentes,259276,""
2011-07,Litoral,No residentes,32346,""
2011-07,Norte,Residentes,277612,""
2011-07,Norte,No residentes,23634,""
2011-07,Patagonia,Residentes,147239,""
2011-07,Patagonia,No residentes,42090,""
2011-08,Buenos Aires,Residentes,129712,""
2011-08,Buenos Aires,No residentes,2795,""
2011-08,CABA,Residentes,194629,""
2011-08,CABA,No residentes,212544,""
2011-08,Córdoba,Residentes,155990,""
2011-08,Córdoba,No residentes,6974,""
2011-08,Cuyo,Residentes,147200,""
2011-08,Cuyo,No residentes,23240,""
2011-08,Litoral,Residentes,238873,""
2011-08,Litoral,No residentes,21337,""
2011-08,Norte,Residentes,169954,""
2011-08,Norte,No residentes,22339,""
2011-08,Patagonia,Residentes,162819,""
2011-08,Patagonia,No residentes,42938,""
2011-09,Buenos Aires,Residentes,147383,""
2011-09,Buenos Aires,No residentes,1949,""
2011-09,CABA,Residentes,215084,""
2011-09,CABA,No residentes,235974,""
2011-09,Córdoba,Residentes,142350,""
2011-09,Córdoba,No residentes,7778,""
2011-09,Cuyo,Residentes,151640,""
2011-09,Cuyo,No residentes,29482,""
2011-09,Litoral,Residentes,249866,""
2011-09,Litoral,No residentes,22255,""
2011-09,Norte,Residentes,179831,""
2011-09,Norte,No residentes,18819,""
2011-09,Patagonia,Residentes,180006,""
2011-09,Patagonia,No residentes,46655,""
2011-10,Buenos Aires,Residentes,178061,""
2011-10,Buenos Aires,No residentes,2414,""
2011-10,CABA,Residentes,217550,""
2011-10,CABA,No residentes,231624,""
2011-10,Córdoba,Residentes,168928,""
2011-10,Córdoba,No residentes,8948,""
2011-10,Cuyo,Residentes,157383,""
2011-10,Cuyo,No residentes,34692,""
2011-10,Litoral,Residentes,246861,""
2011-10,Litoral,No residentes,29360,""
2011-10,Norte,Residentes,158718,""
2011-10,Norte,No residentes,28022,""
2011-10,Patagonia,Residentes,178559,""
2011-10,Patagonia,No residentes,68296,""
2011-11,Buenos Aires,Residentes,208174,""
2011-11,Buenos Aires,No residentes,3178,""
2011-11,CABA,Residentes,226896,""
2011-11,CABA,No residentes,255507,""
2011-11,Córdoba,Residentes,172454,""
2011-11,Córdoba,No residentes,8145,""
2011-11,Cuyo,Residentes,144662,""
2011-11,Cuyo,No residentes,31111,""
2011-11,Litoral,Residentes,237854,""
2011-11,Litoral,No residentes,35624,""
2011-11,Norte,Residentes,133642,""
2011-11,Norte,No residentes,38391,""
2011-11,Patagonia,Residentes,160309,""
2011-11,Patagonia,No residentes,103656,""
2011-12,Buenos Aires,Residentes,232966,""
2011-12,Buenos Aires,No residentes,4037,""
2011-12,CABA,Residentes,181139,""
2011-12,CABA,No residentes,226053,""
2011-12,Córdoba,Residentes,172612,""
2011-12,Córdoba,No residentes,6173,""
2011-12,Cuyo,Residentes,114952,""
2011-12,Cuyo,No residentes,25673,""
2011-12,Litoral,Residentes,215733,""
2011-12,Litoral,No residentes,33784,""
2011-12,Norte,Residentes,103756,""
2011-12,Norte,No residentes,22524,""
2011-12,Patagonia,Residentes,160829,""
2011-12,Patagonia,No residentes,108434,""
2012-01,Buenos Aires,Residentes,380131,""
2012-01,Buenos Aires,No residentes,5545,""
2012-01,CABA,Residentes,149250,""
2012-01,CABA,No residentes,222545,""
2012-01,Córdoba,Residentes,276017,""
2012-01,Córdoba,No residentes,8551,""
2012-01,Cuyo,Residentes,139357,""
2012-01,Cuyo,No residentes,32445,""
2012-01,Litoral,Residentes,260507,""
2012-01,Litoral,No residentes,43145,""
2012-01,Norte,Residentes,172032,""
2012-01,Norte,No residentes,23401,""
2012-01,Patagonia,Residentes,264074,""
2012-01,Patagonia,No residentes,135344,""
2012-02,Buenos Aires,Residentes,345106,""
2012-02,Buenos Aires,No residentes,4655,""
2012-02,CABA,Residentes,144104,""
2012-02,CABA,No residentes,201413,""
2012-02,Córdoba,Residentes,235791,""
2012-02,Córdoba,No residentes,8102,""
2012-02,Cuyo,Residentes,140889,""
2012-02,Cuyo,No residentes,36028,""
2012-02,Litoral,Residentes,257685,""
2012-02,Litoral,No residentes,42397,""
2012-02,Norte,Residentes,145459,""
2012-02,Norte,No residentes,22769,""
2012-02,Patagonia,Residentes,208269,""
2012-02,Patagonia,No residentes,130088,""
2012-03,Buenos Aires,Residentes,233286,""
2012-03,Buenos Aires,No residentes,6559,""
2012-03,CABA,Residentes,195982,""
2012-03,CABA,No residentes,238843,""
2012-03,Córdoba,Residentes,177519,""
2012-03,Córdoba,No residentes,7385,""
2012-03,Cuyo,Residentes,132675,""
2012-03,Cuyo,No residentes,28862,""
2012-03,Litoral,Residentes,232118,""
2012-03,Litoral,No residentes,34142,""
2012-03,Norte,Residentes,125284,""
2012-03,Norte,No residentes,22641,""
2012-03,Patagonia,Residentes,165428,""
2012-03,Patagonia,No residentes,80140,""
2012-04,Buenos Aires,Residentes,196948,""
2012-04,Buenos Aires,No residentes,3416,""
2012-04,CABA,Residentes,180149,""
2012-04,CABA,No residentes,224055,""
2012-04,Córdoba,Residentes,177946,""
2012-04,Córdoba,No residentes,7810,""
2012-04,Cuyo,Residentes,147109,""
2012-04,Cuyo,No residentes,27643,""
2012-04,Litoral,Residentes,240038,""
2012-04,Litoral,No residentes,28313,""
2012-04,Norte,Residentes,164148,""
2012-04,Norte,No residentes,18041,""
2012-04,Patagonia,Residentes,158687,""
2012-04,Patagonia,No residentes,40509,""
2012-05,Buenos Aires,Residentes,126675,""
2012-05,Buenos Aires,No residentes,2781,""
2012-05,CABA,Residentes,177381,""
2012-05,CABA,No residentes,184411,""
2012-05,Córdoba,Residentes,148032,""
2012-05,Córdoba,No residentes,6780,""
2012-05,Cuyo,Residentes,118532,""
2012-05,Cuyo,No residentes,20552,""
2012-05,Litoral,Residentes,217276,""
2012-05,Litoral,No residentes,24430,""
2012-05,Norte,Residentes,131283,""
2012-05,Norte,No residentes,12537,""
2012-05,Patagonia,Residentes,125069,""
2012-05,Patagonia,No residentes,16206,""
2012-06,Buenos Aires,Residentes,99885,""
2012-06,Buenos Aires,No residentes,1888,""
2012-06,CABA,Residentes,172728,""
2012-06,CABA,No residentes,184197,""
2012-06,Córdoba,Residentes,86553,""
2012-06,Córdoba,No residentes,5364,""
2012-06,Cuyo,Residentes,110321,""
2012-06,Cuyo,No residentes,17605,""
2012-06,Litoral,Residentes,206077,""
2012-06,Litoral,No residentes,22580,""
2012-06,Norte,Residentes,128452,""
2012-06,Norte,No residentes,9087,""
2012-06,Patagonia,Residentes,124395,""
2012-06,Patagonia,No residentes,21910,""
2012-07,Buenos Aires,Residentes,149740,""
2012-07,Buenos Aires,No residentes,2538,""
2012-07,CABA,Residentes,214898,""
2012-07,CABA,No residentes,205467,""
2012-07,Córdoba,Residentes,173349,""
2012-07,Córdoba,No residentes,6999,""
2012-07,Cuyo,Residentes,181874,""
2012-07,Cuyo,No residentes,25666,""
2012-07,Litoral,Residentes,268618,""
2012-07,Litoral,No residentes,24930,""
2012-07,Norte,Residentes,266194,""
2012-07,Norte,No residentes,14745,""
2012-07,Patagonia,Residentes,221564,""
2012-07,Patagonia,No residentes,53475,""
2012-08,Buenos Aires,Residentes,134500,""
2012-08,Buenos Aires,No residentes,2078,""
2012-08,CABA,Residentes,187566,""
2012-08,CABA,No residentes,188462,""
2012-08,Córdoba,Residentes,146275,""
2012-08,Córdoba,No residentes,6099,""
2012-08,Cuyo,Residentes,146674,""
2012-08,Cuyo,No residentes,21880,""
2012-08,Litoral,Residentes,237265,""
2012-08,Litoral,No residentes,24390,""
2012-08,Norte,Residentes,172630,""
2012-08,Norte,No residentes,16910,""
2012-08,Patagonia,Residentes,196776,""
2012-08,Patagonia,No residentes,40546,""
2012-09,Buenos Aires,Residentes,162163,""
2012-09,Buenos Aires,No residentes,1832,""
2012-09,CABA,Residentes,194353,""
2012-09,CABA,No residentes,191560,""
2012-09,Córdoba,Residentes,156575,""
2012-09,Córdoba,No residentes,7218,""
2012-09,Cuyo,Residentes,140318,""
2012-09,Cuyo,No residentes,28929,""
2012-09,Litoral,Residentes,236246,""
2012-09,Litoral,No residentes,29626,""
2012-09,Norte,Residentes,179866,""
2012-09,Norte,No residentes,13645,""
2012-09,Patagonia,Residentes,215004,""
2012-09,Patagonia,No residentes,37718,""
2012-10,Buenos Aires,Residentes,168630,""
2012-10,Buenos Aires,No residentes,3828,""
2012-10,CABA,Residentes,203179,""
2012-10,CABA,No residentes,206011,""
2012-10,Córdoba,Residentes,167664,""
2012-10,Córdoba,No residentes,6343,""
2012-10,Cuyo,Residentes,153221,""
2012-10,Cuyo,No residentes,28919,""
2012-10,Litoral,Residentes,248074,""
2012-10,Litoral,No residentes,32571,""
2012-10,Norte,Residentes,174267,""
2012-10,Norte,No residentes,22028,""
2012-10,Patagonia,Residentes,205898,""
2012-10,Patagonia,No residentes,44705,""
2012-11,Buenos Aires,Residentes,212261,""
2012-11,Buenos Aires,No residentes,4480,""
2012-11,CABA,Residentes,213617,""
2012-11,CABA,No residentes,231185,""
2012-11,Córdoba,Residentes,165657,""
2012-11,Córdoba,No residentes,6626,""
2012-11,Cuyo,Residentes,138770,""
2012-11,Cuyo,No residentes,33327,""
2012-11,Litoral,Residentes,236439,""
2012-11,Litoral,No residentes,35607,""
2012-11,Norte,Residentes,139663,""
2012-11,Norte,No residentes,25441,""
2012-11,Patagonia,Residentes,191254,""
2012-11,Patagonia,No residentes,84819,""
2012-12,Buenos Aires,Residentes,212739,""
2012-12,Buenos Aires,No residentes,4173,""
2012-12,CABA,Residentes,174983,""
2012-12,CABA,No residentes,203899,""
2012-12,Córdoba,Residentes,157285,""
2012-12,Córdoba,No residentes,6307,""
2012-12,Cuyo,Residentes,115979,""
2012-12,Cuyo,No residentes,27745,""
2012-12,Litoral,Residentes,208348,""
2012-12,Litoral,No residentes,26484,""
2012-12,Norte,Residentes,97342,""
2012-12,Norte,No residentes,17507,""
2012-12,Patagonia,Residentes,197245,""
2012-12,Patagonia,No residentes,98786,""
2013-01,Buenos Aires,Residentes,347836,""
2013-01,Buenos Aires,No residentes,3950,""
2013-01,CABA,Residentes,143387,""
2013-01,CABA,No residentes,183068,""
2013-01,Córdoba,Residentes,241075,""
2013-01,Córdoba,No residentes,7991,""
2013-01,Cuyo,Residentes,154927,""
2013-01,Cuyo,No residentes,37875,""
2013-01,Litoral,Residentes,234630,""
2013-01,Litoral,No residentes,32896,""
2013-01,Norte,Residentes,176764,""
2013-01,Norte,No residentes,24218,""
2013-01,Patagonia,Residentes,302771,""
2013-01,Patagonia,No residentes,121093,""
2013-02,Buenos Aires,Residentes,290999,""
2013-02,Buenos Aires,No residentes,2768,""
2013-02,CABA,Residentes,148372,""
2013-02,CABA,No residentes,177380,""
2013-02,Córdoba,Residentes,213019,""
2013-02,Córdoba,No residentes,7128,""
2013-02,Cuyo,Residentes,137924,""
2013-02,Cuyo,No residentes,29760,""
2013-02,Litoral,Residentes,217509,""
2013-02,Litoral,No residentes,29626,""
2013-02,Norte,Residentes,146122,""
2013-02,Norte,No residentes,19250,""
2013-02,Patagonia,Residentes,236683,""
2013-02,Patagonia,No residentes,110746,""
2013-03,Buenos Aires,Residentes,214401,""
2013-03,Buenos Aires,No residentes,1891,""
2013-03,CABA,Residentes,189090,""
2013-03,CABA,No residentes,205966,""
2013-03,Córdoba,Residentes,174630,""
2013-03,Córdoba,No residentes,5962,""
2013-03,Cuyo,Residentes,156018,""
2013-03,Cuyo,No residentes,31659,""
2013-03,Litoral,Residentes,214290,""
2013-03,Litoral,No residentes,32599,""
2013-03,Norte,Residentes,168140,""
2013-03,Norte,No residentes,25271,""
2013-03,Patagonia,Residentes,205715,""
2013-03,Patagonia,No residentes,69000,""
2013-04,Buenos Aires,Residentes,119770,""
2013-04,Buenos Aires,No residentes,1602,""
2013-04,CABA,Residentes,184284,""
2013-04,CABA,No residentes,177862,""
2013-04,Córdoba,Residentes,131991,""
2013-04,Córdoba,No residentes,5465,""
2013-04,Cuyo,Residentes,138393,""
2013-04,Cuyo,No residentes,26995,""
2013-04,Litoral,Residentes,187091,""
2013-04,Litoral,No residentes,26080,""
2013-04,Norte,Residentes,144602,""
2013-04,Norte,No residentes,18366,""
2013-04,Patagonia,Residentes,147789,""
2013-04,Patagonia,No residentes,31294,""
2013-05,Buenos Aires,Residentes,85718,""
2013-05,Buenos Aires,No residentes,1276,""
2013-05,CABA,Residentes,204292,""
2013-05,CABA,No residentes,179338,""
2013-05,Córdoba,Residentes,114350,""
2013-05,Córdoba,No residentes,5650,""
2013-05,Cuyo,Residentes,117786,""
2013-05,Cuyo,No residentes,23411,""
2013-05,Litoral,Residentes,212881,""
2013-05,Litoral,No residentes,26643,""
2013-05,Norte,Residentes,144783,""
2013-05,Norte,No residentes,16695,""
2013-05,Patagonia,Residentes,118780,""
2013-05,Patagonia,No residentes,19036,""
2013-06,Buenos Aires,Residentes,94982,""
2013-06,Buenos Aires,No residentes,1332,""
2013-06,CABA,Residentes,197714,""
2013-06,CABA,No residentes,174496,""
2013-06,Córdoba,Residentes,115737,""
2013-06,Córdoba,No residentes,4210,""
2013-06,Cuyo,Residentes,128258,""
2013-06,Cuyo,No residentes,17454,""
2013-06,Litoral,Residentes,215558,""
2013-06,Litoral,No residentes,24947,""
2013-06,Norte,Residentes,150999,""
2013-06,Norte,No residentes,9471,""
2013-06,Patagonia,Residentes,134997,""
2013-06,Patagonia,No residentes,26948,""
2013-07,Buenos Aires,Residentes,120887,""
2013-07,Buenos Aires,No residentes,1612,""
2013-07,CABA,Residentes,233169,""
2013-07,CABA,No residentes,196828,""
2013-07,Córdoba,Residentes,169314,""
2013-07,Córdoba,No residentes,8269,""
2013-07,Cuyo,Residentes,188299,""
2013-07,Cuyo,No residentes,25809,""
2013-07,Litoral,Residentes,247685,""
2013-07,Litoral,No residentes,26493,""
2013-07,Norte,Residentes,280230,""
2013-07,Norte,No residentes,14504,""
2013-07,Patagonia,Residentes,227191,""
2013-07,Patagonia,No residentes,59174,""
2013-08,Buenos Aires,Residentes,104766,""
2013-08,Buenos Aires,No residentes,994,""
2013-08,CABA,Residentes,204490,""
2013-08,CABA,No residentes,175875,""
2013-08,Córdoba,Residentes,124752,""
2013-08,Córdoba,No residentes,6249,""
2013-08,Cuyo,Residentes,147628,""
2013-08,Cuyo,No residentes,23867,""
2013-08,Litoral,Residentes,229251,""
2013-08,Litoral,No residentes,24381,""
2013-08,Norte,Residentes,190540,""
2013-08,Norte,No residentes,16297,""
2013-08,Patagonia,Residentes,200495,""
2013-08,Patagonia,No residentes,50316,""
2013-09,Buenos Aires,Residentes,114150,""
2013-09,Buenos Aires,No residentes,1668,""
2013-09,CABA,Residentes,214587,""
2013-09,CABA,No residentes,192975,""
2013-09,Córdoba,Residentes,134272,""
2013-09,Córdoba,No residentes,5821,""
2013-09,Cuyo,Residentes,153117,""
2013-09,Cuyo,No residentes,26015,""
2013-09,Litoral,Residentes,232439,""
2013-09,Litoral,No residentes,24493,""
2013-09,Norte,Residentes,183045,""
2013-09,Norte,No residentes,16242,""
2013-09,Patagonia,Residentes,212393,""
2013-09,Patagonia,No residentes,53105,""
2013-10,Buenos Aires,Residentes,148335,""
2013-10,Buenos Aires,No residentes,1709,""
2013-10,CABA,Residentes,225547,""
2013-10,CABA,No residentes,209870,""
2013-10,Córdoba,Residentes,146745,""
2013-10,Córdoba,No residentes,6280,""
2013-10,Cuyo,Residentes,154129,""
2013-10,Cuyo,No residentes,30463,""
2013-10,Litoral,Residentes,226286,""
2013-10,Litoral,No residentes,30388,""
2013-10,Norte,Residentes,180990,""
2013-10,Norte,No residentes,18648,""
2013-10,Patagonia,Residentes,199261,""
2013-10,Patagonia,No residentes,56387,""
2013-11,Buenos Aires,Residentes,194255,""
2013-11,Buenos Aires,No residentes,2545,""
2013-11,CABA,Residentes,232987,""
2013-11,CABA,No residentes,227752,""
2013-11,Córdoba,Residentes,150044,""
2013-11,Córdoba,No residentes,5829,""
2013-11,Cuyo,Residentes,138997,""
2013-11,Cuyo,No residentes,30045,""
2013-11,Litoral,Residentes,217204,""
2013-11,Litoral,No residentes,31576,""
2013-11,Norte,Residentes,153639,""
2013-11,Norte,No residentes,25738,""
2013-11,Patagonia,Residentes,207215,""
2013-11,Patagonia,No residentes,94744,""
2013-12,Buenos Aires,Residentes,181883,""
2013-12,Buenos Aires,No residentes,2718,""
2013-12,CABA,Residentes,197012,""
2013-12,CABA,No residentes,208248,""
2013-12,Córdoba,Residentes,142163,""
2013-12,Córdoba,No residentes,5901,""
2013-12,Cuyo,Residentes,108933,""
2013-12,Cuyo,No residentes,24067,""
2013-12,Litoral,Residentes,175497,""
2013-12,Litoral,No residentes,30444,""
2013-12,Norte,Residentes,110111,""
2013-12,Norte,No residentes,19365,""
2013-12,Patagonia,Residentes,184363,""
2013-12,Patagonia,No residentes,96626,""
2014-01,Buenos Aires,Residentes,363809,""
2014-01,Buenos Aires,No residentes,4519,""
2014-01,CABA,Residentes,163901,""
2014-01,CABA,No residentes,190986,""
2014-01,Córdoba,Residentes,250017,""
2014-01,Córdoba,No residentes,5536,""
2014-01,Cuyo,Residentes,149745,""
2014-01,Cuyo,No residentes,30911,""
2014-01,Litoral,Residentes,225874,""
2014-01,Litoral,No residentes,39724,""
2014-01,Norte,Residentes,171814,""
2014-01,Norte,No residentes,29069,""
2014-01,Patagonia,Residentes,327506,""
2014-01,Patagonia,No residentes,130678,""
2014-02,Buenos Aires,Residentes,293373,""
2014-02,Buenos Aires,No residentes,2939,""
2014-02,CABA,Residentes,169206,""
2014-02,CABA,No residentes,179981,""
2014-02,Córdoba,Residentes,199213,""
2014-02,Córdoba,No residentes,5210,""
2014-02,Cuyo,Residentes,145361,""
2014-02,Cuyo,No residentes,34051,""
2014-02,Litoral,Residentes,226155,""
2014-02,Litoral,No residentes,34552,""
2014-02,Norte,Residentes,146063,""
2014-02,Norte,No residentes,22407,""
2014-02,Patagonia,Residentes,262127,""
2014-02,Patagonia,No residentes,115633,""
2014-03,Buenos Aires,Residentes,205384,""
2014-03,Buenos Aires,No residentes,1932,""
2014-03,CABA,Residentes,199507,""
2014-03,CABA,No residentes,218274,""
2014-03,Córdoba,Residentes,154110,""
2014-03,Córdoba,No residentes,6128,""
2014-03,Cuyo,Residentes,139100,""
2014-03,Cuyo,No residentes,30936,""
2014-03,Litoral,Residentes,233671,""
2014-03,Litoral,No residentes,32752,""
2014-03,Norte,Residentes,146460,""
2014-03,Norte,No residentes,27235,""
2014-03,Patagonia,Residentes,205318,""
2014-03,Patagonia,No residentes,77967,""
2014-04,Buenos Aires,Residentes,124254,""
2014-04,Buenos Aires,No residentes,1814,""
2014-04,CABA,Residentes,190460,""
2014-04,CABA,No residentes,202305,""
2014-04,Córdoba,Residentes,132166,""
2014-04,Córdoba,No residentes,6250,""
2014-04,Cuyo,Residentes,121421,""
2014-04,Cuyo,No residentes,26254,""
2014-04,Litoral,Residentes,195598,""
2014-04,Litoral,No residentes,33800,""
2014-04,Norte,Residentes,159966,""
2014-04,Norte,No residentes,27034,""
2014-04,Patagonia,Residentes,163753,""
2014-04,Patagonia,No residentes,45171,""
2014-05,Buenos Aires,Residentes,99448,""
2014-05,Buenos Aires,No residentes,1529,""
2014-05,CABA,Residentes,208207,""
2014-05,CABA,No residentes,192164,""
2014-05,Córdoba,Residentes,121292,""
2014-05,Córdoba,No residentes,6229,""
2014-05,Cuyo,Residentes,118341,""
2014-05,Cuyo,No residentes,19849,""
2014-05,Litoral,Residentes,200776,""
2014-05,Litoral,No residentes,24342,""
2014-05,Norte,Residentes,163428,""
2014-05,Norte,No residentes,19517,""
2014-05,Patagonia,Residentes,139795,""
2014-05,Patagonia,No residentes,21926,""
2014-06,Buenos Aires,Residentes,77358,""
2014-06,Buenos Aires,No residentes,712,""
2014-06,CABA,Residentes,182771,""
2014-06,CABA,No residentes,168973,""
2014-06,Córdoba,Residentes,90817,""
2014-06,Córdoba,No residentes,3819,""
2014-06,Cuyo,Residentes,105284,""
2014-06,Cuyo,No residentes,16655,""
2014-06,Litoral,Residentes,184916,""
2014-06,Litoral,No residentes,24264,""
2014-06,Norte,Residentes,141477,""
2014-06,Norte,No residentes,14040,""
2014-06,Patagonia,Residentes,129453,""
2014-06,Patagonia,No residentes,26007,""
2014-07,Buenos Aires,Residentes,110579,""
2014-07,Buenos Aires,No residentes,1478,""
2014-07,CABA,Residentes,232775,""
2014-07,CABA,No residentes,204604,""
2014-07,Córdoba,Residentes,158010,""
2014-07,Córdoba,No residentes,4987,""
2014-07,Cuyo,Residentes,174446,""
2014-07,Cuyo,No residentes,21547,""
2014-07,Litoral,Residentes,222473,""
2014-07,Litoral,No residentes,24066,""
2014-07,Norte,Residentes,280088,""
2014-07,Norte,No residentes,19029,""
2014-07,Patagonia,Residentes,220860,""
2014-07,Patagonia,No residentes,52427,""
2014-08,Buenos Aires,Residentes,107749,""
2014-08,Buenos Aires,No residentes,1446,""
2014-08,CABA,Residentes,215730,""
2014-08,CABA,No residentes,194641,""
2014-08,Córdoba,Residentes,129407,""
2014-08,Córdoba,No residentes,5180,""
2014-08,Cuyo,Residentes,140747,""
2014-08,Cuyo,No residentes,19258,""
2014-08,Litoral,Residentes,219966,""
2014-08,Litoral,No residentes,25174,""
2014-08,Norte,Residentes,191429,""
2014-08,Norte,No residentes,19118,""
2014-08,Patagonia,Residentes,228136,""
2014-08,Patagonia,No residentes,53897,""
2014-09,Buenos Aires,Residentes,118405,""
2014-09,Buenos Aires,No residentes,2753,""
2014-09,CABA,Residentes,219934,""
2014-09,CABA,No residentes,192166,""
2014-09,Córdoba,Residentes,131295,""
2014-09,Córdoba,No residentes,5749,""
2014-09,Cuyo,Residentes,132914,""
2014-09,Cuyo,No residentes,24280,""
2014-09,Litoral,Residentes,210803,""
2014-09,Litoral,No residentes,31429,""
2014-09,Norte,Residentes,195034,""
2014-09,Norte,No residentes,17312,""
2014-09,Patagonia,Residentes,217907,""
2014-09,Patagonia,No residentes,45137,""
2014-10,Buenos Aires,Residentes,156945,""
2014-10,Buenos Aires,No residentes,2580,""
2014-10,CABA,Residentes,245813,""
2014-10,CABA,No residentes,228991,""
2014-10,Córdoba,Residentes,164757,""
2014-10,Córdoba,No residentes,5157,""
2014-10,Cuyo,Residentes,150597,""
2014-10,Cuyo,No residentes,32133,""
2014-10,Litoral,Residentes,226203,""
2014-10,Litoral,No residentes,35167,""
2014-10,Norte,Residentes,190048,""
2014-10,Norte,No residentes,21746,""
2014-10,Patagonia,Residentes,220640,""
2014-10,Patagonia,No residentes,52805,""
2014-11,Buenos Aires,Residentes,178137,""
2014-11,Buenos Aires,No residentes,3629,""
2014-11,CABA,Residentes,235512,""
2014-11,CABA,No residentes,229841,""
2014-11,Córdoba,Residentes,150398,""
2014-11,Córdoba,No residentes,5426,""
2014-11,Cuyo,Residentes,133426,""
2014-11,Cuyo,No residentes,34609,""
2014-11,Litoral,Residentes,204732,""
2014-11,Litoral,No residentes,33623,""
2014-11,Norte,Residentes,159490,""
2014-11,Norte,No residentes,31844,""
2014-11,Patagonia,Residentes,209037,""
2014-11,Patagonia,No residentes,90179,""
2014-12,Buenos Aires,Residentes,199295,""
2014-12,Buenos Aires,No residentes,3707,""
2014-12,CABA,Residentes,192372,""
2014-12,CABA,No residentes,216571,""
2014-12,Córdoba,Residentes,155043,""
2014-12,Córdoba,No residentes,5020,""
2014-12,Cuyo,Residentes,111751,""
2014-12,Cuyo,No residentes,29412,""
2014-12,Litoral,Residentes,182858,""
2014-12,Litoral,No residentes,34429,""
2014-12,Norte,Residentes,114739,""
2014-12,Norte,No residentes,24965,""
2014-12,Patagonia,Residentes,208610,""
2014-12,Patagonia,No residentes,100718,""
2015-01,Buenos Aires,Residentes,381924,""
2015-01,Buenos Aires,No residentes,5876,""
2015-01,CABA,Residentes,171236,""
2015-01,CABA,No residentes,208648,""
2015-01,Córdoba,Residentes,280085,""
2015-01,Córdoba,No residentes,7172,""
2015-01,Cuyo,Residentes,139426,""
2015-01,Cuyo,No residentes,32235,""
2015-01,Litoral,Residentes,216526,""
2015-01,Litoral,No residentes,40404,""
2015-01,Norte,Residentes,187583,""
2015-01,Norte,No residentes,29898,""
2015-01,Patagonia,Residentes,363654,""
2015-01,Patagonia,No residentes,132245,""
2015-02,Buenos Aires,Residentes,325040,""
2015-02,Buenos Aires,No residentes,3986,""
2015-02,CABA,Residentes,170944,""
2015-02,CABA,No residentes,178875,""
2015-02,Córdoba,Residentes,236336,""
2015-02,Córdoba,No residentes,7596,""
2015-02,Cuyo,Residentes,136134,""
2015-02,Cuyo,No residentes,26633,""
2015-02,Litoral,Residentes,219916,""
2015-02,Litoral,No residentes,35530,""
2015-02,Norte,Residentes,181999,""
2015-02,Norte,No residentes,25047,""
2015-02,Patagonia,Residentes,295776,""
2015-02,Patagonia,No residentes,117197,""
2015-03,Buenos Aires,Residentes,197667,""
2015-03,Buenos Aires,No residentes,3315,""
2015-03,CABA,Residentes,199947,""
2015-03,CABA,No residentes,188925,""
2015-03,Córdoba,Residentes,162905,""
2015-03,Córdoba,No residentes,6905,""
2015-03,Cuyo,Residentes,120727,""
2015-03,Cuyo,No residentes,25405,""
2015-03,Litoral,Residentes,200117,""
2015-03,Litoral,No residentes,29527,""
2015-03,Norte,Residentes,156456,""
2015-03,Norte,No residentes,26340,""
2015-03,Patagonia,Residentes,233062,""
2015-03,Patagonia,No residentes,77192,""
2015-04,Buenos Aires,Residentes,132294,""
2015-04,Buenos Aires,No residentes,1837,""
2015-04,CABA,Residentes,206036,""
2015-04,CABA,No residentes,175079,""
2015-04,Córdoba,Residentes,139333,""
2015-04,Córdoba,No residentes,7506,""
2015-04,Cuyo,Residentes,116195,""
2015-04,Cuyo,No residentes,22662,""
2015-04,Litoral,Residentes,189144,""
2015-04,Litoral,No residentes,26387,""
2015-04,Norte,Residentes,165045,""
2015-04,Norte,No residentes,23415,""
2015-04,Patagonia,Residentes,172807,""
2015-04,Patagonia,No residentes,35687,""
2015-05,Buenos Aires,Residentes,105669,""
2015-05,Buenos Aires,No residentes,1476,""
2015-05,CABA,Residentes,218260,""
2015-05,CABA,No residentes,162047,""
2015-05,Córdoba,Residentes,123892,""
2015-05,Córdoba,No residentes,7178,""
2015-05,Cuyo,Residentes,110167,""
2015-05,Cuyo,No residentes,18919,""
2015-05,Litoral,Residentes,208276,""
2015-05,Litoral,No residentes,24559,""
2015-05,Norte,Residentes,160847,""
2015-05,Norte,No residentes,16137,""
2015-05,Patagonia,Residentes,145045,""
2015-05,Patagonia,No residentes,16588,""
2015-06,Buenos Aires,Residentes,78196,""
2015-06,Buenos Aires,No residentes,1502,""
2015-06,CABA,Residentes,209106,""
2015-06,CABA,No residentes,154498,""
2015-06,Córdoba,Residentes,113801,""
2015-06,Córdoba,No residentes,5959,""
2015-06,Cuyo,Residentes,102062,""
2015-06,Cuyo,No residentes,15701,""
2015-06,Litoral,Residentes,189953,""
2015-06,Litoral,No residentes,25365,""
2015-06,Norte,Residentes,142971,""
2015-06,Norte,No residentes,12917,""
2015-06,Patagonia,Residentes,144488,""
2015-06,Patagonia,No residentes,21853,""
2015-07,Buenos Aires,Residentes,125653,""
2015-07,Buenos Aires,No residentes,1601,""
2015-07,CABA,Residentes,274184,""
2015-07,CABA,No residentes,177294,""
2015-07,Córdoba,Residentes,183261,""
2015-07,Córdoba,No residentes,6876,""
2015-07,Cuyo,Residentes,177306,""
2015-07,Cuyo,No residentes,16196,""
2015-07,Litoral,Residentes,255819,""
2015-07,Litoral,No residentes,26345,""
2015-07,Norte,Residentes,315286,""
2015-07,Norte,No residentes,20672,""
2015-07,Patagonia,Residentes,245150,""
2015-07,Patagonia,No residentes,41809,""
2015-08,Buenos Aires,Residentes,111825,""
2015-08,Buenos Aires,No residentes,3368,""
2015-08,CABA,Residentes,239960,""
2015-08,CABA,No residentes,155092,""
2015-08,Córdoba,Residentes,139862,""
2015-08,Córdoba,No residentes,6088,""
2015-08,Cuyo,Residentes,132186,""
2015-08,Cuyo,No residentes,15316,""
2015-08,Litoral,Residentes,230973,""
2015-08,Litoral,No residentes,27047,""
2015-08,Norte,Residentes,200192,""
2015-08,Norte,No residentes,20760,""
2015-08,Patagonia,Residentes,234857,""
2015-08,Patagonia,No residentes,31819,""
2015-09,Buenos Aires,Residentes,128273,""
2015-09,Buenos Aires,No residentes,2452,""
2015-09,CABA,Residentes,251692,""
2015-09,CABA,No residentes,163962,""
2015-09,Córdoba,Residentes,145579,""
2015-09,Córdoba,No residentes,6851,""
2015-09,Cuyo,Residentes,127066,""
2015-09,Cuyo,No residentes,20524,""
2015-09,Litoral,Residentes,230998,""
2015-09,Litoral,No residentes,28497,""
2015-09,Norte,Residentes,198300,""
2015-09,Norte,No residentes,17705,""
2015-09,Patagonia,Residentes,251469,""
2015-09,Patagonia,No residentes,39918,""
2015-10,Buenos Aires,Residentes,149660,""
2015-10,Buenos Aires,No residentes,2663,""
2015-10,CABA,Residentes,256108,""
2015-10,CABA,No residentes,177012,""
2015-10,Córdoba,Residentes,166885,""
2015-10,Córdoba,No residentes,6486,""
2015-10,Cuyo,Residentes,125444,""
2015-10,Cuyo,No residentes,23083,""
2015-10,Litoral,Residentes,223247,""
2015-10,Litoral,No residentes,29050,""
2015-10,Norte,Residentes,175291,""
2015-10,Norte,No residentes,21681,""
2015-10,Patagonia,Residentes,238578,""
2015-10,Patagonia,No residentes,44365,""
2015-11,Buenos Aires,Residentes,169149,""
2015-11,Buenos Aires,No residentes,2132,""
2015-11,CABA,Residentes,236767,""
2015-11,CABA,No residentes,188541,""
2015-11,Córdoba,Residentes,166420,""
2015-11,Córdoba,No residentes,8196,""
2015-11,Cuyo,Residentes,106183,""
2015-11,Cuyo,No residentes,23956,""
2015-11,Litoral,Residentes,203966,""
2015-11,Litoral,No residentes,32314,""
2015-11,Norte,Residentes,140747,""
2015-11,Norte,No residentes,28643,""
2015-11,Patagonia,Residentes,219760,""
2015-11,Patagonia,No residentes,76482,""
2015-12,Buenos Aires,Residentes,180179,""
2015-12,Buenos Aires,No residentes,3001,""
2015-12,CABA,Residentes,208853,""
2015-12,CABA,No residentes,172955,""
2015-12,Córdoba,Residentes,165294,""
2015-12,Córdoba,No residentes,7442,""
2015-12,Cuyo,Residentes,106429,""
2015-12,Cuyo,No residentes,20779,""
2015-12,Litoral,Residentes,184361,""
2015-12,Litoral,No residentes,30790,""
2015-12,Norte,Residentes,111572,""
2015-12,Norte,No residentes,23755,""
2015-12,Patagonia,Residentes,221897,""
2015-12,Patagonia,No residentes,84921,""
2016-01,Buenos Aires,Residentes,322294,""
2016-01,Buenos Aires,No residentes,2957,""
2016-01,CABA,Residentes,178467,""
2016-01,CABA,No residentes,172929,""
2016-01,Córdoba,Residentes,259528,""
2016-01,Córdoba,No residentes,5115,""
2016-01,Cuyo,Residentes,137185,""
2016-01,Cuyo,No residentes,27839,""
2016-01,Litoral,Residentes,200240,""
2016-01,Litoral,No residentes,41585,""
2016-01,Norte,Residentes,188379,""
2016-01,Norte,No residentes,26729,""
2016-01,Patagonia,Residentes,332540,""
2016-01,Patagonia,No residentes,119379,""
2016-02,Buenos Aires,Residentes,272746,""
2016-02,Buenos Aires,No residentes,1949,""
2016-02,CABA,Residentes,187483,""
2016-02,CABA,No residentes,158401,""
2016-02,Córdoba,Residentes,226426,""
2016-02,Córdoba,No residentes,6031,""
2016-02,Cuyo,Residentes,135223,""
2016-02,Cuyo,No residentes,24599,""
2016-02,Litoral,Residentes,206369,""
2016-02,Litoral,No residentes,36690,""
2016-02,Norte,Residentes,167923,""
2016-02,Norte,No residentes,22889,""
2016-02,Patagonia,Residentes,264817,""
2016-02,Patagonia,No residentes,116832,""
2016-03,Buenos Aires,Residentes,179873,""
2016-03,Buenos Aires,No residentes,1756,""
2016-03,CABA,Residentes,226246,""
2016-03,CABA,No residentes,173539,""
2016-03,Córdoba,Residentes,160754,""
2016-03,Córdoba,No residentes,6796,""
2016-03,Cuyo,Residentes,111335,""
2016-03,Cuyo,No residentes,26239,""
2016-03,Litoral,Residentes,188525,""
2016-03,Litoral,No residentes,33807,""
2016-03,Norte,Residentes,143132,""
2016-03,Norte,No residentes,27858,""
2016-03,Patagonia,Residentes,206076,""
2016-03,Patagonia,No residentes,73651,""
2016-04,Buenos Aires,Residentes,92600,""
2016-04,Buenos Aires,No residentes,935,""
2016-04,CABA,Residentes,220814,""
2016-04,CABA,No residentes,154825,""
2016-04,Córdoba,Residentes,121435,""
2016-04,Córdoba,No residentes,7068,""
2016-04,Cuyo,Residentes,94803,""
2016-04,Cuyo,No residentes,24090,""
2016-04,Litoral,Residentes,178786,""
2016-04,Litoral,No residentes,27528,""
2016-04,Norte,Residentes,140278,""
2016-04,Norte,No residentes,24167,""
2016-04,Patagonia,Residentes,154083,""
2016-04,Patagonia,No residentes,36050,""
2016-05,Buenos Aires,Residentes,74664,""
2016-05,Buenos Aires,No residentes,871,""
2016-05,CABA,Residentes,223895,""
2016-05,CABA,No residentes,144856,""
2016-05,Córdoba,Residentes,119592,""
2016-05,Córdoba,No residentes,6633,""
2016-05,Cuyo,Residentes,92744,""
2016-05,Cuyo,No residentes,18561,""
2016-05,Litoral,Residentes,184588,""
2016-05,Litoral,No residentes,24222,""
2016-05,Norte,Residentes,150971,""
2016-05,Norte,No residentes,17063,""
2016-05,Patagonia,Residentes,146738,""
2016-05,Patagonia,No residentes,20916,""
2016-06,Buenos Aires,Residentes,81405,""
2016-06,Buenos Aires,No residentes,1117,""
2016-06,CABA,Residentes,217245,""
2016-06,CABA,No residentes,148366,""
2016-06,Córdoba,Residentes,122242,""
2016-06,Córdoba,No residentes,6254,""
2016-06,Cuyo,Residentes,96222,""
2016-06,Cuyo,No residentes,16578,""
2016-06,Litoral,Residentes,202575,""
2016-06,Litoral,No residentes,24909,""
2016-06,Norte,Residentes,167247,""
2016-06,Norte,No residentes,13124,""
2016-06,Patagonia,Residentes,137411,""
2016-06,Patagonia,No residentes,21392,""
2016-07,Buenos Aires,Residentes,117620,""
2016-07,Buenos Aires,No residentes,1042,""
2016-07,CABA,Residentes,273446,""
2016-07,CABA,No residentes,162945,""
2016-07,Córdoba,Residentes,190744,""
2016-07,Córdoba,No residentes,7464,""
2016-07,Cuyo,Residentes,184833,""
2016-07,Cuyo,No residentes,21303,""
2016-07,Litoral,Residentes,265339,""
2016-07,Litoral,No residentes,25688,""
2016-07,Norte,Residentes,326249,""
2016-07,Norte,No residentes,19575,""
2016-07,Patagonia,Residentes,241622,""
2016-07,Patagonia,No residentes,51371,""
2016-08,Buenos Aires,Residentes,92348,""
2016-08,Buenos Aires,No residentes,1557,""
2016-08,CABA,Residentes,238166,""
2016-08,CABA,No residentes,159094,""
2016-08,Córdoba,Residentes,132055,""
2016-08,Córdoba,No residentes,7598,""
2016-08,Cuyo,Residentes,122758,""
2016-08,Cuyo,No residentes,19005,""
2016-08,Litoral,Residentes,235596,""
2016-08,Litoral,No residentes,28028,""
2016-08,Norte,Residentes,218151,""
2016-08,Norte,No residentes,17732,""
2016-08,Patagonia,Residentes,222013,""
2016-08,Patagonia,No residentes,47219,""
2016-09,Buenos Aires,Residentes,103280,""
2016-09,Buenos Aires,No residentes,910,""
2016-09,CABA,Residentes,240371,""
2016-09,CABA,No residentes,167547,""
2016-09,Córdoba,Residentes,134575,""
2016-09,Córdoba,No residentes,6636,""
2016-09,Cuyo,Residentes,128236,""
2016-09,Cuyo,No residentes,20062,""
2016-09,Litoral,Residentes,242742,""
2016-09,Litoral,No residentes,28385,""
2016-09,Norte,Residentes,217924,""
2016-09,Norte,No residentes,15839,""
2016-09,Patagonia,Residentes,254888,""
2016-09,Patagonia,No residentes,45353,""
2016-10,Buenos Aires,Residentes,140174,""
2016-10,Buenos Aires,No residentes,1415,""
2016-10,CABA,Residentes,258710,""
2016-10,CABA,No residentes,189588,""
2016-10,Córdoba,Residentes,172343,""
2016-10,Córdoba,No residentes,6946,""
2016-10,Cuyo,Residentes,135945,""
2016-10,Cuyo,No residentes,25143,""
2016-10,Litoral,Residentes,253747,""
2016-10,Litoral,No residentes,34123,""
2016-10,Norte,Residentes,201340,""
2016-10,Norte,No residentes,24493,""
2016-10,Patagonia,Residentes,257101,""
2016-10,Patagonia,No residentes,73521,""
2016-11,Buenos Aires,Residentes,153560,""
2016-11,Buenos Aires,No residentes,2124,""
2016-11,CABA,Residentes,255473,""
2016-11,CABA,No residentes,206356,""
2016-11,Córdoba,Residentes,172212,""
2016-11,Córdoba,No residentes,6164,""
2016-11,Cuyo,Residentes,125132,""
2016-11,Cuyo,No residentes,21578,""
2016-11,Litoral,Residentes,245676,""
2016-11,Litoral,No residentes,36775,""
2016-11,Norte,Residentes,163926,""
2016-11,Norte,No residentes,27126,""
2016-11,Patagonia,Residentes,228033,""
2016-11,Patagonia,No residentes,111102,""
2016-12,Buenos Aires,Residentes,185286,""
2016-12,Buenos Aires,No residentes,2307,""
2016-12,CABA,Residentes,206121,""
2016-12,CABA,No residentes,179529,""
2016-12,Córdoba,Residentes,190198,""
2016-12,Córdoba,No residentes,6238,""
2016-12,Cuyo,Residentes,97062,""
2016-12,Cuyo,No residentes,19889,""
2016-12,Litoral,Residentes,220089,""
2016-12,Litoral,No residentes,36036,""
2016-12,Norte,Residentes,129290,""
2016-12,Norte,No residentes,19968,""
2016-12,Patagonia,Residentes,232910,""
2016-12,Patagonia,No residentes,110902,""
2017-01,Buenos Aires,Residentes,373514,""
2017-01,Buenos Aires,No residentes,3577,""
2017-01,CABA,Residentes,187662,""
2017-01,CABA,No residentes,166557,""
2017-01,Córdoba,Residentes,272839,""
2017-01,Córdoba,No residentes,7042,""
2017-01,Cuyo,Residentes,148581,""
2017-01,Cuyo,No residentes,30165,""
2017-01,Litoral,Residentes,260677,""
2017-01,Litoral,No residentes,44423,""
2017-01,Norte,Residentes,183296,""
2017-01,Norte,No residentes,25496,""
2017-01,Patagonia,Residentes,354248,""
2017-01,Patagonia,No residentes,137109,""
2017-02,Buenos Aires,Residentes,337339,""
2017-02,Buenos Aires,No residentes,2055,""
2017-02,CABA,Residentes,190840,""
2017-02,CABA,No residentes,161345,""
2017-02,Córdoba,Residentes,258727,""
2017-02,Córdoba,No residentes,6514,""
2017-02,Cuyo,Residentes,132549,""
2017-02,Cuyo,No residentes,25390,""
2017-02,Litoral,Residentes,261185,""
2017-02,Litoral,No residentes,43034,""
2017-02,Norte,Residentes,171323,""
2017-02,Norte,No residentes,23100,""
2017-02,Patagonia,Residentes,298346,""
2017-02,Patagonia,No residentes,111641,""
2017-03,Buenos Aires,Residentes,184468,""
2017-03,Buenos Aires,No residentes,1808,""
2017-03,CABA,Residentes,237536,""
2017-03,CABA,No residentes,186564,""
2017-03,Córdoba,Residentes,180394,""
2017-03,Córdoba,No residentes,6447,""
2017-03,Cuyo,Residentes,110366,""
2017-03,Cuyo,No residentes,26234,""
2017-03,Litoral,Residentes,236693,""
2017-03,Litoral,No residentes,38444,""
2017-03,Norte,Residentes,141578,""
2017-03,Norte,No residentes,20740,""
2017-03,Patagonia,Residentes,238376,""
2017-03,Patagonia,No residentes,77523,""
2017-04,Buenos Aires,Residentes,133423,""
2017-04,Buenos Aires,No residentes,1335,""
2017-04,CABA,Residentes,239778,""
2017-04,CABA,No residentes,178300,""
2017-04,Córdoba,Residentes,155997,""
2017-04,Córdoba,No residentes,6956,""
2017-04,Cuyo,Residentes,111785,""
2017-04,Cuyo,No residentes,26933,""
2017-04,Litoral,Residentes,240073,""
2017-04,Litoral,No residentes,33200,""
2017-04,Norte,Residentes,172374,""
2017-04,Norte,No residentes,24298,""
2017-04,Patagonia,Residentes,192176,""
2017-04,Patagonia,No residentes,44180,""
2017-05,Buenos Aires,Residentes,81813,""
2017-05,Buenos Aires,No residentes,1330,""
2017-05,CABA,Residentes,245495,""
2017-05,CABA,No residentes,158796,""
2017-05,Córdoba,Residentes,115039,""
2017-05,Córdoba,No residentes,6098,""
2017-05,Cuyo,Residentes,93927,""
2017-05,Cuyo,No residentes,17930,""
2017-05,Litoral,Residentes,230205,""
2017-05,Litoral,No residentes,22654,""
2017-05,Norte,Residentes,157535,""
2017-05,Norte,No residentes,15246,""
2017-05,Patagonia,Residentes,164848,""
2017-05,Patagonia,No residentes,23855,""
2017-06,Buenos Aires,Residentes,79465,""
2017-06,Buenos Aires,No residentes,1287,""
2017-06,CABA,Residentes,235258,""
2017-06,CABA,No residentes,156285,""
2017-06,Córdoba,Residentes,118473,""
2017-06,Córdoba,No residentes,5876,""
2017-06,Cuyo,Residentes,95068,""
2017-06,Cuyo,No residentes,19336,""
2017-06,Litoral,Residentes,230272,""
2017-06,Litoral,No residentes,22934,""
2017-06,Norte,Residentes,164415,""
2017-06,Norte,No residentes,12076,""
2017-06,Patagonia,Residentes,165663,""
2017-06,Patagonia,No residentes,30291,""
2017-07,Buenos Aires,Residentes,120589,""
2017-07,Buenos Aires,No residentes,1224,""
2017-07,CABA,Residentes,280980,""
2017-07,CABA,No residentes,179834,""
2017-07,Córdoba,Residentes,209136,""
2017-07,Córdoba,No residentes,8568,""
2017-07,Cuyo,Residentes,161546,""
2017-07,Cuyo,No residentes,21320,""
2017-07,Litoral,Residentes,287525,""
2017-07,Litoral,No residentes,27749,""
2017-07,Norte,Residentes,332462,""
2017-07,Norte,No residentes,18039,""
2017-07,Patagonia,Residentes,268281,""
2017-07,Patagonia,No residentes,62443,""
2017-08,Buenos Aires,Residentes,105692,""
2017-08,Buenos Aires,No residentes,1228,""
2017-08,CABA,Residentes,249210,""
2017-08,CABA,No residentes,167725,""
2017-08,Córdoba,Residentes,150887,""
2017-08,Córdoba,No residentes,7304,""
2017-08,Cuyo,Residentes,123587,""
2017-08,Cuyo,No residentes,19734,""
2017-08,Litoral,Residentes,248503,""
2017-08,Litoral,No residentes,25511,""
2017-08,Norte,Residentes,216696,""
2017-08,Norte,No residentes,16489,""
2017-08,Patagonia,Residentes,228839,""
2017-08,Patagonia,No residentes,47519,""
2017-09,Buenos Aires,Residentes,119512,""
2017-09,Buenos Aires,No residentes,1487,""
2017-09,CABA,Residentes,252699,""
2017-09,CABA,No residentes,178794,""
2017-09,Córdoba,Residentes,160226,""
2017-09,Córdoba,No residentes,8244,""
2017-09,Cuyo,Residentes,129233,""
2017-09,Cuyo,No residentes,28200,""
2017-09,Litoral,Residentes,251325,""
2017-09,Litoral,No residentes,28890,""
2017-09,Norte,Residentes,222955,""
2017-09,Norte,No residentes,16403,""
2017-09,Patagonia,Residentes,250961,""
2017-09,Patagonia,No residentes,48676,""
2017-10,Buenos Aires,Residentes,163349,""
2017-10,Buenos Aires,No residentes,1612,""
2017-10,CABA,Residentes,252720,""
2017-10,CABA,No residentes,203546,""
2017-10,Córdoba,Residentes,194087,""
2017-10,Córdoba,No residentes,6885,""
2017-10,Cuyo,Residentes,143168,""
2017-10,Cuyo,No residentes,27527,""
2017-10,Litoral,Residentes,248120,""
2017-10,Litoral,No residentes,27588,""
2017-10,Norte,Residentes,201929,""
2017-10,Norte,No residentes,23635,""
2017-10,Patagonia,Residentes,236858,""
2017-10,Patagonia,No residentes,77255,""
2017-11,Buenos Aires,Residentes,187849,""
2017-11,Buenos Aires,No residentes,2568,""
2017-11,CABA,Residentes,260974,""
2017-11,CABA,No residentes,220179,""
2017-11,Córdoba,Residentes,201663,""
2017-11,Córdoba,No residentes,7135,""
2017-11,Cuyo,Residentes,128599,""
2017-11,Cuyo,No residentes,30699,""
2017-11,Litoral,Residentes,252108,""
2017-11,Litoral,No residentes,35414,""
2017-11,Norte,Residentes,183141,""
2017-11,Norte,No residentes,34255,""
2017-11,Patagonia,Residentes,243543,""
2017-11,Patagonia,No residentes,108631,""
2017-12,Buenos Aires,Residentes,206234,""
2017-12,Buenos Aires,No residentes,2811,""
2017-12,CABA,Residentes,211461,""
2017-12,CABA,No residentes,203835,""
2017-12,Córdoba,Residentes,200259,""
2017-12,Córdoba,No residentes,6528,""
2017-12,Cuyo,Residentes,98619,""
2017-12,Cuyo,No residentes,25224,""
2017-12,Litoral,Residentes,228223,""
2017-12,Litoral,No residentes,31686,""
2017-12,Norte,Residentes,135223,""
2017-12,Norte,No residentes,25587,""
2017-12,Patagonia,Residentes,230180,""
2017-12,Patagonia,No residentes,108522,""
2018-01,Buenos Aires,Residentes,385396,""
2018-01,Buenos Aires,No residentes,3427,""
2018-01,CABA,Residentes,179520,""
2018-01,CABA,No residentes,189501,""
2018-01,Córdoba,Residentes,299440,""
2018-01,Córdoba,No residentes,10402,""
2018-01,Cuyo,Residentes,141927,""
2018-01,Cuyo,No residentes,29334,""
2018-01,Litoral,Residentes,261555,""
2018-01,Litoral,No residentes,38046,""
2018-01,Norte,Residentes,194445,""
2018-01,Norte,No residentes,22718,""
2018-01,Patagonia,Residentes,338617,""
2018-01,Patagonia,No residentes,129349,""
2018-02,Buenos Aires,Residentes,361940,""
2018-02,Buenos Aires,No residentes,2349,""
2018-02,CABA,Residentes,187539,""
2018-02,CABA,No residentes,179649,""
2018-02,Córdoba,Residentes,266601,""
2018-02,Córdoba,No residentes,9606,""
2018-02,Cuyo,Residentes,143403,""
2018-02,Cuyo,No residentes,28774,""
2018-02,Litoral,Residentes,242338,""
2018-02,Litoral,No residentes,34270,""
2018-02,Norte,Residentes,176996,""
2018-02,Norte,No residentes,20888,""
2018-02,Patagonia,Residentes,287847,""
2018-02,Patagonia,No residentes,119352,""
2018-03,Buenos Aires,Residentes,231893,""
2018-03,Buenos Aires,No residentes,1898,""
2018-03,CABA,Residentes,236740,""
2018-03,CABA,No residentes,205204,""
2018-03,Córdoba,Residentes,209927,""
2018-03,Córdoba,No residentes,9449,""
2018-03,Cuyo,Residentes,137563,""
2018-03,Cuyo,No residentes,29585,""
2018-03,Litoral,Residentes,231229,""
2018-03,Litoral,No residentes,30293,""
2018-03,Norte,Residentes,175010,""
2018-03,Norte,No residentes,23535,""
2018-03,Patagonia,Residentes,258305,""
2018-03,Patagonia,No residentes,93217,""
2018-04,Buenos Aires,Residentes,131208,""
2018-04,Buenos Aires,No residentes,1668,""
2018-04,CABA,Residentes,230893,""
2018-04,CABA,No residentes,183181,""
2018-04,Córdoba,Residentes,161766,""
2018-04,Córdoba,No residentes,9545,""
2018-04,Cuyo,Residentes,122260,""
2018-04,Cuyo,No residentes,30777,""
2018-04,Litoral,Residentes,214445,""
2018-04,Litoral,No residentes,28779,""
2018-04,Norte,Residentes,181743,""
2018-04,Norte,No residentes,24437,""
2018-04,Patagonia,Residentes,193415,""
2018-04,Patagonia,No residentes,48022,""
2018-05,Buenos Aires,Residentes,88077,""
2018-05,Buenos Aires,No residentes,1620,""
2018-05,CABA,Residentes,228683,""
2018-05,CABA,No residentes,166587,""
2018-05,Córdoba,Residentes,133540,""
2018-05,Córdoba,No residentes,9381,""
2018-05,Cuyo,Residentes,111876,""
2018-05,Cuyo,No residentes,23847,""
2018-05,Litoral,Residentes,210249,""
2018-05,Litoral,No residentes,22339,""
2018-05,Norte,Residentes,171312,""
2018-05,Norte,No residentes,17287,""
2018-05,Patagonia,Residentes,153334,""
2018-05,Patagonia,No residentes,25009,""
2018-06,Buenos Aires,Residentes,76711,""
2018-06,Buenos Aires,No residentes,1179,""
2018-06,CABA,Residentes,198341,""
2018-06,CABA,No residentes,146953,""
2018-06,Córdoba,Residentes,115871,""
2018-06,Córdoba,No residentes,7549,""
2018-06,Cuyo,Residentes,93738,""
2018-06,Cuyo,No residentes,19009,""
2018-06,Litoral,Residentes,205910,""
2018-06,Litoral,No residentes,22480,""
2018-06,Norte,Residentes,154448,""
2018-06,Norte,No residentes,12431,""
2018-06,Patagonia,Residentes,143164,""
2018-06,Patagonia,No residentes,25633,""
2018-07,Buenos Aires,Residentes,118328,""
2018-07,Buenos Aires,No residentes,1500,""
2018-07,CABA,Residentes,246511,""
2018-07,CABA,No residentes,172484,""
2018-07,Córdoba,Residentes,215218,""
2018-07,Córdoba,No residentes,10697,""
2018-07,Cuyo,Residentes,172858,""
2018-07,Cuyo,No residentes,27495,""
2018-07,Litoral,Residentes,268193,""
2018-07,Litoral,No residentes,29881,""
2018-07,Norte,Residentes,306992,""
2018-07,Norte,No residentes,16918,""
2018-07,Patagonia,Residentes,237379,""
2018-07,Patagonia,No residentes,49594,""
2018-08,Buenos Aires,Residentes,101955,""
2018-08,Buenos Aires,No residentes,1522,""
2018-08,CABA,Residentes,222806,""
2018-08,CABA,No residentes,167424,""
2018-08,Córdoba,Residentes,161153,""
2018-08,Córdoba,No residentes,7698,""
2018-08,Cuyo,Residentes,139074,""
2018-08,Cuyo,No residentes,22554,""
2018-08,Litoral,Residentes,248876,""
2018-08,Litoral,No residentes,28029,""
2018-08,Norte,Residentes,206198,""
2018-08,Norte,No residentes,18580,""
2018-08,Patagonia,Residentes,218914,""
2018-08,Patagonia,No residentes,45660,""
2018-09,Buenos Aires,Residentes,122479,""
2018-09,Buenos Aires,No residentes,1697,""
2018-09,CABA,Residentes,216324,""
2018-09,CABA,No residentes,187027,""
2018-09,Córdoba,Residentes,161423,""
2018-09,Córdoba,No residentes,9666,""
2018-09,Cuyo,Residentes,130038,""
2018-09,Cuyo,No residentes,30387,""
2018-09,Litoral,Residentes,230095,""
2018-09,Litoral,No residentes,31283,""
2018-09,Norte,Residentes,197809,""
2018-09,Norte,No residentes,19014,""
2018-09,Patagonia,Residentes,247953,""
2018-09,Patagonia,No residentes,55591,""
2018-10,Buenos Aires,Residentes,147613,""
2018-10,Buenos Aires,No residentes,1705,""
2018-10,CABA,Residentes,226208,""
2018-10,CABA,No residentes,215034,""
2018-10,Córdoba,Residentes,188073,""
2018-10,Córdoba,No residentes,8320,""
2018-10,Cuyo,Residentes,136195,""
2018-10,Cuyo,No residentes,35688,""
2018-10,Litoral,Residentes,235237,""
2018-10,Litoral,No residentes,33326,""
2018-10,Norte,Residentes,195851,""
2018-10,Norte,No residentes,22813,""
2018-10,Patagonia,Residentes,244602,""
2018-10,Patagonia,No residentes,80137,""
2018-11,Buenos Aires,Residentes,155256,""
2018-11,Buenos Aires,No residentes,2226,""
2018-11,CABA,Residentes,216069,""
2018-11,CABA,No residentes,232744,""
2018-11,Córdoba,Residentes,199233,""
2018-11,Córdoba,No residentes,7593,""
2018-11,Cuyo,Residentes,128654,""
2018-11,Cuyo,No residentes,35504,""
2018-11,Litoral,Residentes,232829,""
2018-11,Litoral,No residentes,38810,""
2018-11,Norte,Residentes,158832,""
2018-11,Norte,No residentes,29022,""
2018-11,Patagonia,Residentes,229519,""
2018-11,Patagonia,No residentes,119739,""
2018-12,Buenos Aires,Residentes,186937,""
2018-12,Buenos Aires,No residentes,2718,""
2018-12,CABA,Residentes,183299,""
2018-12,CABA,No residentes,214358,""
2018-12,Córdoba,Residentes,182488,""
2018-12,Córdoba,No residentes,6770,""
2018-12,Cuyo,Residentes,98490,""
2018-12,Cuyo,No residentes,29880,""
2018-12,Litoral,Residentes,203688,""
2018-12,Litoral,No residentes,36114,""
2018-12,Norte,Residentes,118473,""
2018-12,Norte,No residentes,21564,""
2018-12,Patagonia,Residentes,222452,""
2018-12,Patagonia,No residentes,133127,""
2019-01,Buenos Aires,Residentes,401299,""
2019-01,Buenos Aires,No residentes,4104,""
2019-01,CABA,Residentes,154357,""
2019-01,CABA,No residentes,218478,""
2019-01,Córdoba,Residentes,299783,""
2019-01,Córdoba,No residentes,9318,""
2019-01,Cuyo,Residentes,150481,""
2019-01,Cuyo,No residentes,33938,""
2019-01,Litoral,Residentes,217014,""
2019-01,Litoral,No residentes,48716,""
2019-01,Norte,Residentes,195042,""
2019-01,Norte,No residentes,27991,""
2019-01,Patagonia,Residentes,329946,""
2019-01,Patagonia,No residentes,160277,""
2019-02,Buenos Aires,Residentes,348537,""
2019-02,Buenos Aires,No residentes,3275,""
2019-02,CABA,Residentes,166469,""
2019-02,CABA,No residentes,189429,""
2019-02,Córdoba,Residentes,281072,""
2019-02,Córdoba,No residentes,7796,""
2019-02,Cuyo,Residentes,143594,""
2019-02,Cuyo,No residentes,31432,""
2019-02,Litoral,Residentes,206460,""
2019-02,Litoral,No residentes,36989,""
2019-02,Norte,Residentes,169199,""
2019-02,Norte,No residentes,24730,""
2019-02,Patagonia,Residentes,247551,""
2019-02,Patagonia,No residentes,131509,""
2019-03,Buenos Aires,Residentes,197338,""
2019-03,Buenos Aires,No residentes,2539,""
2019-03,CABA,Residentes,201616,""
2019-03,CABA,No residentes,218560,""
2019-03,Córdoba,Residentes,217682,""
2019-03,Córdoba,No residentes,8943,""
2019-03,Cuyo,Residentes,139270,""
2019-03,Cuyo,No residentes,34956,""
2019-03,Litoral,Residentes,213738,""
2019-03,Litoral,No residentes,41744,""
2019-03,Norte,Residentes,172598,""
2019-03,Norte,No residentes,29749,""
2019-03,Patagonia,Residentes,246625,""
2019-03,Patagonia,No residentes,119260,""
2019-04,Buenos Aires,Residentes,123627,""
2019-04,Buenos Aires,No residentes,2818,""
2019-04,CABA,Residentes,192937,""
2019-04,CABA,No residentes,188827,""
2019-04,Córdoba,Residentes,177425,""
2019-04,Córdoba,No residentes,10260,""
2019-04,Cuyo,Residentes,120316,""
2019-04,Cuyo,No residentes,32785,""
2019-04,Litoral,Residentes,196515,""
2019-04,Litoral,No residentes,37676,""
2019-04,Norte,Residentes,171628,""
2019-04,Norte,No residentes,26422,""
2019-04,Patagonia,Residentes,197948,""
2019-04,Patagonia,No residentes,70560,""
2019-05,Buenos Aires,Residentes,74470,""
2019-05,Buenos Aires,No residentes,1864,""
2019-05,CABA,Residentes,197467,""
2019-05,CABA,No residentes,179857,""
2019-05,Córdoba,Residentes,141907,""
2019-05,Córdoba,No residentes,7376,""
2019-05,Cuyo,Residentes,119692,""
2019-05,Cuyo,No residentes,25895,""
2019-05,Litoral,Residentes,198078,""
2019-05,Litoral,No residentes,28496,""
2019-05,Norte,Residentes,179065,""
2019-05,Norte,No residentes,20426,""
2019-05,Patagonia,Residentes,162987,""
2019-05,Patagonia,No residentes,38084,""
2019-06,Buenos Aires,Residentes,76716,""
2019-06,Buenos Aires,No residentes,1357,""
2019-06,CABA,Residentes,193126,""
2019-06,CABA,No residentes,167132,""
2019-06,Córdoba,Residentes,141042,""
2019-06,Córdoba,No residentes,7772,""
2019-06,Cuyo,Residentes,122344,""
2019-06,Cuyo,No residentes,20993,""
2019-06,Litoral,Residentes,188038,""
2019-06,Litoral,No residentes,33973,""
2019-06,Norte,Residentes,183142,""
2019-06,Norte,No residentes,15456,""
2019-06,Patagonia,Residentes,179867,""
2019-06,Patagonia,No residentes,40304,""
2019-07,Buenos Aires,Residentes,114704,""
2019-07,Buenos Aires,No residentes,1896,""
2019-07,CABA,Residentes,249774,""
2019-07,CABA,No residentes,198761,""
2019-07,Córdoba,Residentes,236305,""
2019-07,Córdoba,No residentes,7819,""
2019-07,Cuyo,Residentes,201542,""
2019-07,Cuyo,No residentes,27197,""
2019-07,Litoral,Residentes,237596,""
2019-07,Litoral,No residentes,34973,""
2019-07,Norte,Residentes,335707,""
2019-07,Norte,No residentes,20451,""
2019-07,Patagonia,Residentes,274433,""
2019-07,Patagonia,No residentes,77271,""
2019-08,Buenos Aires,Residentes,102445,""
2019-08,Buenos Aires,No residentes,1613,""
2019-08,CABA,Residentes,203324,""
2019-08,CABA,No residentes,179786,""
2019-08,Córdoba,Residentes,169415,""
2019-08,Córdoba,No residentes,6189,""
2019-08,Cuyo,Residentes,143989,""
2019-08,Cuyo,No residentes,25182,""
2019-08,Litoral,Residentes,206730,""
2019-08,Litoral,No residentes,32846,""
2019-08,Norte,Residentes,214592,""
2019-08,Norte,No residentes,21055,""
2019-08,Patagonia,Residentes,269340,""
2019-08,Patagonia,No residentes,66246,""
2019-09,Buenos Aires,Residentes,103630,""
2019-09,Buenos Aires,No residentes,1901,""
2019-09,CABA,Residentes,201304,""
2019-09,CABA,No residentes,186108,""
2019-09,Córdoba,Residentes,179868,""
2019-09,Córdoba,No residentes,6816,""
2019-09,Cuyo,Residentes,142695,""
2019-09,Cuyo,No residentes,28176,""
2019-09,Litoral,Residentes,212012,""
2019-09,Litoral,No residentes,35307,""
2019-09,Norte,Residentes,214425,""
2019-09,Norte,No residentes,20344,""
2019-09,Patagonia,Residentes,264538,""
2019-09,Patagonia,No residentes,69008,""
2019-10,Buenos Aires,Residentes,138019,""
2019-10,Buenos Aires,No residentes,1904,""
2019-10,CABA,Residentes,217467,""
2019-10,CABA,No residentes,216623,""
2019-10,Córdoba,Residentes,203386,""
2019-10,Córdoba,No residentes,7483,""
2019-10,Cuyo,Residentes,153194,""
2019-10,Cuyo,No residentes,38780,""
2019-10,Litoral,Residentes,205926,""
2019-10,Litoral,No residentes,37786,""
2019-10,Norte,Residentes,189912,""
2019-10,Norte,No residentes,26464,""
2019-10,Patagonia,Residentes,248921,""
2019-10,Patagonia,No residentes,89429,""
2019-11,Buenos Aires,Residentes,182971,""
2019-11,Buenos Aires,No residentes,4175,""
2019-11,CABA,Residentes,208132,""
2019-11,CABA,No residentes,236638,""
2019-11,Córdoba,Residentes,207485,""
2019-11,Córdoba,No residentes,8410,""
2019-11,Cuyo,Residentes,145191,""
2019-11,Cuyo,No residentes,43708,""
2019-11,Litoral,Residentes,215898,""
2019-11,Litoral,No residentes,42832,""
2019-11,Norte,Residentes,174424,""
2019-11,Norte,No residentes,31611,""
2019-11,Patagonia,Residentes,238986,""
2019-11,Patagonia,No residentes,136152,""
2019-12,Buenos Aires,Residentes,201852,""
2019-12,Buenos Aires,No residentes,5167,""
2019-12,CABA,Residentes,182657,""
2019-12,CABA,No residentes,237450,""
2019-12,Córdoba,Residentes,196457,""
2019-12,Córdoba,No residentes,6119,""
2019-12,Cuyo,Residentes,114905,""
2019-12,Cuyo,No residentes,29379,""
2019-12,Litoral,Residentes,188912,""
2019-12,Litoral,No residentes,46146,""
2019-12,Norte,Residentes,124678,""
2019-12,Norte,No residentes,23355,""
2019-12,Patagonia,Residentes,233379,""
2019-12,Patagonia,No residentes,138070,""
2020-01,Buenos Aires,Residentes,375466,""
2020-01,Buenos Aires,No residentes,5043,""
2020-01,CABA,Residentes,146436,""
2020-01,CABA,No residentes,211932,""
2020-01,Córdoba,Residentes,310944,""
2020-01,Córdoba,No residentes,6675,""
2020-01,Cuyo,Residentes,151407,""
2020-01,Cuyo,No residentes,31211,""
2020-01,Litoral,Residentes,206392,""
2020-01,Litoral,No residentes,52023,""
2020-01,Norte,Residentes,178927,""
2020-01,Norte,No residentes,30157,""
2020-01,Patagonia,Residentes,349564,""
2020-01,Patagonia,No residentes,147405,""
2020-02,Buenos Aires,Residentes,322851,""
2020-02,Buenos Aires,No residentes,2409,""
2020-02,CABA,Residentes,150608,""
2020-02,CABA,No residentes,207001,""
2020-02,Córdoba,Residentes,282813,""
2020-02,Córdoba,No residentes,6562,""
2020-02,Cuyo,Residentes,142160,""
2020-02,Cuyo,No residentes,28249,""
2020-02,Litoral,Residentes,209226,""
2020-02,Litoral,No residentes,46652,""
2020-02,Norte,Residentes,183598,""
2020-02,Norte,No residentes,27430,""
2020-02,Patagonia,Residentes,291307,""
2020-02,Patagonia,No residentes,140131,""
2020-03,Buenos Aires,Residentes,93260,""
2020-03,Buenos Aires,No residentes,601,""
2020-03,CABA,Residentes,83807,""
2020-03,CABA,No residentes,122919,""
2020-03,Córdoba,Residentes,95430,""
2020-03,Córdoba,No residentes,2345,""
2020-03,Cuyo,Residentes,69300,""
2020-03,Cuyo,No residentes,13466,""
2020-03,Litoral,Residentes,97460,""
2020-03,Litoral,No residentes,16938,""
2020-03,Norte,Residentes,69070,""
2020-03,Norte,No residentes,10232,""
2020-03,Patagonia,Residentes,135918,""
2020-03,Patagonia,No residentes,48573,""
2020-04,Buenos Aires,Residentes,0,Emergencia sanitaria. La actividad de los establecimientos hoteleras estuvo limitada según la resolución n° 131/202 dispuesta por el Ministerio de Turismo y Deportes de la Nación.
2020-04,Buenos Aires,No residentes,0,Emergencia sanitaria. La actividad de los establecimientos hoteleras estuvo limitada según la resolución n° 131/202 dispuesta por el Ministerio de Turismo y Deportes de la Nación.
2020-04,CABA,Residentes,0,Emergencia sanitaria. La actividad de los establecimientos hoteleras estuvo limitada según la resolución n° 131/202 dispuesta por el Ministerio de Turismo y Deportes de la Nación.
2020-04,CABA,No residentes,0,Emergencia sanitaria. La actividad de los establecimientos hoteleras estuvo limitada según la resolución n° 131/202 dispuesta por el Ministerio de Turismo y Deportes de la Nación.
2020-04,Córdoba,Residentes,0,Emergencia sanitaria. La actividad de los establecimientos hoteleras estuvo limitada según la resolución n° 131/202 dispuesta por el Ministerio de Turismo y Deportes de la Nación.
2020-04,Córdoba,No residentes,0,Emergencia sanitaria. La actividad de los establecimientos hoteleras estuvo limitada según la resolución n° 131/202 dispuesta por el Ministerio de Turismo y Deportes de la Nación.
2020-04,Cuyo,Residentes,0,Emergencia sanitaria. La actividad de los establecimientos hoteleras estuvo limitada según la resolución n° 131/202 dispuesta por el Ministerio de Turismo y Deportes de la Nación.
2020-04,Cuyo,No residentes,0,Emergencia sanitaria. La actividad de los establecimientos hoteleras estuvo limitada según la resolución n° 131/202 dispuesta por el Ministerio de Turismo y Deportes de la Nación.
2020-04,Litoral,Residentes,0,Emergencia sanitaria. La actividad de los establecimientos hoteleras estuvo limitada según la resolución n° 131/202 dispuesta por el Ministerio de Turismo y Deportes de la Nación.
2020-04,Litoral,No residentes,0,Emergencia sanitaria. La actividad de los establecimientos hoteleras estuvo limitada según la resolución n° 131/202 dispuesta por el Ministerio de Turismo y Deportes de la Nación.
2020-04,Norte,Residentes,0,Emergencia sanitaria. La actividad de los establecimientos hoteleras estuvo limitada según la resolución n° 131/202 dispuesta por el Ministerio de Turismo y Deportes de la Nación.
2020-04,Norte,No residentes,0,Emergencia sanitaria. La actividad de los establecimientos hoteleras estuvo limitada según la resolución n° 131/202 dispuesta por el Ministerio de Turismo y Deportes de la Nación.
2020-04,Patagonia,Residentes,0,Emergencia sanitaria. La actividad de los establecimientos hoteleras estuvo limitada según la resolución n° 131/202 dispuesta por el Ministerio de Turismo y Deportes de la Nación.
2020-04,Patagonia,No residentes,0,Emergencia sanitaria. La actividad de los establecimientos hoteleras estuvo limitada según la resolución n° 131/202 dispuesta por el Ministerio de Turismo y Deportes de la Nación.
2020-05,Buenos Aires,Residentes,0,"Emergencia sanitaria. Hacia finales del mes de mayo 2020, la provincia de Jujuy habilitó el turismo interno pero debido a la insuficiencia de datos, los resultados no se publicaron y las estimaciones a nivel regional y nacional se presentaron en cero."
2020-05,Buenos Aires,No residentes,0,"Emergencia sanitaria. Hacia finales del mes de mayo 2020, la provincia de Jujuy habilitó el turismo interno pero debido a la insuficiencia de datos, los resultados no se publicaron y las estimaciones a nivel regional y nacional se presentaron en cero."
2020-05,CABA,Residentes,0,"Emergencia sanitaria. Hacia finales del mes de mayo 2020, la provincia de Jujuy habilitó el turismo interno pero debido a la insuficiencia de datos, los resultados no se publicaron y las estimaciones a nivel regional y nacional se presentaron en cero."
2020-05,CABA,No residentes,0,"Emergencia sanitaria. Hacia finales del mes de mayo 2020, la provincia de Jujuy habilitó el turismo interno pero debido a la insuficiencia de datos, los resultados no se publicaron y las estimaciones a nivel regional y nacional se presentaron en cero."
2020-05,Córdoba,Residentes,0,"Emergencia sanitaria. Hacia finales del mes de mayo 2020, la provincia de Jujuy habilitó el turismo interno pero debido a la insuficiencia de datos, los resultados no se publicaron y las estimaciones a nivel regional y nacional se presentaron en cero."
2020-05,Córdoba,No residentes,0,"Emergencia sanitaria. Hacia finales del mes de mayo 2020, la provincia de Jujuy habilitó el turismo interno pero debido a la insuficiencia de datos, los resultados no se publicaron y las estimaciones a nivel regional y nacional se presentaron en cero."
2020-05,Cuyo,Residentes,0,"Emergencia sanitaria. Hacia finales del mes de mayo 2020, la provincia de Jujuy habilitó el turismo interno pero debido a la insuficiencia de datos, los resultados no se publicaron y las estimaciones a nivel regional y nacional se presentaron en cero."
2020-05,Cuyo,No residentes,0,"Emergencia sanitaria. Hacia finales del mes de mayo 2020, la provincia de Jujuy habilitó el turismo interno pero debido a la insuficiencia de datos, los resultados no se publicaron y las estimaciones a nivel regional y nacional se presentaron en cero."
2020-05,Litoral,Residentes,0,"Emergencia sanitaria. Hacia finales del mes de mayo 2020, la provincia de Jujuy habilitó el turismo interno pero debido a la insuficiencia de datos, los resultados no se publicaron y las estimaciones a nivel regional y nacional se presentaron en cero."
2020-05,Litoral,No residentes,0,"Emergencia sanitaria. Hacia finales del mes de mayo 2020, la provincia de Jujuy habilitó el turismo interno pero debido a la insuficiencia de datos, los resultados no se publicaron y las estimaciones a nivel regional y nacional se presentaron en cero."
2020-05,Norte,Residentes,0,"Emergencia sanitaria. Hacia finales del mes de mayo 2020, la provincia de Jujuy habilitó el turismo interno pero debido a la insuficiencia de datos, los resultados no se publicaron y las estimaciones a nivel regional y nacional se presentaron en cero."
2020-05,Norte,No residentes,0,"Emergencia sanitaria. Hacia finales del mes de mayo 2020, la provincia de Jujuy habilitó el turismo interno pero debido a la insuficiencia de datos, los resultados no se publicaron y las estimaciones a nivel regional y nacional se presentaron en cero."
2020-05,Patagonia,Residentes,0,"Emergencia sanitaria. Hacia finales del mes de mayo 2020, la provincia de Jujuy habilitó el turismo interno pero debido a la insuficiencia de datos, los resultados no se publicaron y las estimaciones a nivel regional y nacional se presentaron en cero."
2020-05,Patagonia,No residentes,0,"Emergencia sanitaria. Hacia finales del mes de mayo 2020, la provincia de Jujuy habilitó el turismo interno pero debido a la insuficiencia de datos, los resultados no se publicaron y las estimaciones a nivel regional y nacional se presentaron en cero."
2021-01,Buenos Aires,Residentes,169606,Dato provisorio
2021-01,Buenos Aires,No residentes,250,Dato provisorio
2021-01,CABA,Residentes,40531,Dato provisorio
2021-01,CABA,No residentes,7507,Dato provisorio
2021-01,Córdoba,Residentes,198301,Dato provisorio
2021-01,Córdoba,No residentes,528,Dato provisorio
2021-01,Cuyo,Residentes,94336,Dato provisorio
2021-01,Cuyo,No residentes,477,Dato provisorio
2021-01,Litoral,Residentes,99963,Dato provisorio
2021-01,Litoral,No residentes,902,Dato provisorio
2021-01,Norte,Residentes,108215,Dato provisorio
2021-01,Norte,No residentes,241,Dato provisorio
2021-01,Patagonia,Residentes,205113,Dato provisorio
2021-01,Patagonia,No residentes,1811,Dato provisorio
2021-02,Buenos Aires,Residentes,169347,Dato provisorio
2021-02,Buenos Aires,No residentes,210,Dato provisorio
2021-02,CABA,Residentes,52011,Dato provisorio
2021-02,CABA,No residentes,6090,Dato provisorio
2021-02,Córdoba,Residentes,194424,Dato provisorio
2021-02,Córdoba,No residentes,935,Dato provisorio
2021-02,Cuyo,Residentes,105961,Dato provisorio
2021-02,Cuyo,No residentes,202,Dato provisorio
2021-02,Litoral,Residentes,127146,Dato provisorio
2021-02,Litoral,No residentes,2025,Dato provisorio
2021-02,Norte,Residentes,117274,Dato provisorio
2021-02,Norte,No residentes,237,Dato provisorio
2021-02,Patagonia,Residentes,213890,Dato provisorio
2021-02,Patagonia,No residentes,410,Dato provisorio
2021-03,Buenos Aires,Residentes,114211,Dato provisorio
2021-03,Buenos Aires,No residentes,127,Dato provisorio
2021-03,CABA,Residentes,65730,Dato provisorio
2021-03,CABA,No residentes,7752,Dato provisorio
2021-03,Córdoba,Residentes,145050,Dato provisorio
2021-03,Córdoba,No residentes,218,Dato provisorio
2021-03,Cuyo,Residentes,87060,Dato provisorio
2021-03,Cuyo,No residentes,222,Dato provisorio
2021-03,Litoral,Residentes,99777,Dato provisorio
2021-03,Litoral,No residentes,1407,Dato provisorio
2021-03,Norte,Residentes,99082,Dato provisorio
2021-03,Norte,No residentes,571,Dato provisorio
2021-03,Patagonia,Residentes,183465,Dato provisorio
2021-03,Patagonia,No residentes,725,Dato provisorio
2021-04,Buenos Aires,Residentes,60181,Dato provisorio
2021-04,Buenos Aires,No residentes,141,Dato provisorio
2021-04,CABA,Residentes,46107,Dato provisorio
2021-04,CABA,No residentes,4476,Dato provisorio
2021-04,Córdoba,Residentes,110809,Dato provisorio
2021-04,Córdoba,No residentes,213,Dato provisorio
2021-04,Cuyo,Residentes,62386,Dato provisorio
2021-04,Cuyo,No residentes,195,Dato provisorio
2021-04,Litoral,Residentes,74886,Dato provisorio
2021-04,Litoral,No residentes,699,Dato provisorio
2021-04,Norte,Residentes,88682,Dato provisorio
2021-04,Norte,No residentes,329,Dato provisorio
2021-04,Patagonia,Residentes,127266,Dato provisorio
2021-04,Patagonia,No residentes,382,Dato provisorio
2021-05,Buenos Aires,Residentes,20752,Dato provisorio
2021-05,Buenos Aires,No residentes,186,Dato provisorio
2021-05,CABA,Residentes,32508,Dato provisorio
2021-05,CABA,No residentes,4409,Dato provisorio
2021-05,Córdoba,Residentes,50706,Dato provisorio
2021-05,Córdoba,No residentes,266,Dato provisorio
2021-05,Cuyo,Residentes,33056,Dato provisorio
2021-05,Cuyo,No residentes,79,Dato provisorio
2021-05,Litoral,Residentes,47824,Dato provisorio
2021-05,Litoral,No residentes,343,Dato provisorio
2021-05,Norte,Residentes,62573,Dato provisorio
2021-05,Norte,No residentes,226,Dato provisorio
2021-05,Patagonia,Residentes,57675,Dato provisorio
2021-05,Patagonia,No residentes,237,Dato provisorio
2021-06,Buenos Aires,Residentes,24822,Dato provisorio
2021-06,Buenos Aires,No residentes,107,Dato provisorio
2021-06,CABA,Residentes,43793,Dato provisorio
2021-06,CABA,No residentes,4256,Dato provisorio
2021-06,Córdoba,Residentes,19858,Dato provisorio
2021-06,Córdoba,No residentes,69,Dato provisorio
2021-06,Cuyo,Residentes,34834,Dato provisorio
2021-06,Cuyo,No residentes,136,Dato provisorio
2021-06,Litoral,Residentes,43882,Dato provisorio
2021-06,Litoral,No residentes,428,Dato provisorio
2021-06,Norte,Residentes,59466,Dato provisorio
2021-06,Norte,No residentes,279,Dato provisorio
2021-06,Patagonia,Residentes,54582,Dato provisorio
2021-06,Patagonia,No residentes,144,Dato provisorio
2021-07,Buenos Aires,Residentes,85261,Dato provisorio
2021-07,Buenos Aires,No residentes,259,Dato provisorio
2021-07,CABA,Residentes,75883,Dato provisorio
2021-07,CABA,No residentes,3549,Dato provisorio
2021-07,Córdoba,Residentes,142003,Dato provisorio
2021-07,Córdoba,No residentes,130,Dato provisorio
2021-07,Cuyo,Residentes,105593,Dato provisorio
2021-07,Cuyo,No residentes,92,Dato provisorio
2021-07,Litoral,Residentes,124580,Dato provisorio
2021-07,Litoral,No residentes,334,Dato provisorio
2021-07,Norte,Residentes,168488,Dato provisorio
2021-07,Norte,No residentes,294,Dato provisorio
2021-07,Patagonia,Residentes,201198,Dato provisorio
2021-07,Patagonia,No residentes,369,Dato provisorio
2021-08,Buenos Aires,Residentes,86297,Dato provisorio
2021-08,Buenos Aires,No residentes,291,Dato provisorio
2021-08,CABA,Residentes,81635,Dato provisorio
2021-08,CABA,No residentes,3069,Dato provisorio
2021-08,Córdoba,Residentes,136819,Dato provisorio
2021-08,Córdoba,No residentes,59,Dato provisorio
2021-08,Cuyo,Residentes,92159,Dato provisorio
2021-08,Cuyo,No residentes,258,Dato provisorio
2021-08,Litoral,Residentes,125020,Dato provisorio
2021-08,Litoral,No residentes,499,Dato provisorio
2021-08,Norte,Residentes,168127,Dato provisorio
2021-08,Norte,No residentes,266,Dato provisorio
2021-08,Patagonia,Residentes,229239,Dato provisorio
2021-08,Patagonia,No residentes,357,Dato provisorio
2021-09,Buenos Aires,Residentes,86142,Dato provisorio
2021-09,Buenos Aires,No residentes,64,Dato provisorio
2021-09,CABA,Residentes,94812,Dato provisorio
2021-09,CABA,No residentes,3797,Dato provisorio
2021-09,Córdoba,Residentes,135765,Dato provisorio
2021-09,Córdoba,No residentes,123,Dato provisorio
2021-09,Cuyo,Residentes,121399,Dato provisorio
2021-09,Cuyo,No residentes,230,Dato provisorio
2021-09,Litoral,Residentes,133742,Dato provisorio
2021-09,Litoral,No residentes,642,Dato provisorio
2021-09,Norte,Residentes,182497,Dato provisorio
2021-09,Norte,No residentes,306,Dato provisorio
2021-09,Patagonia,Residentes,271362,Dato provisorio
2021-09,Patagonia,No residentes,409,Dato provisorio
